Player,#,Class,Pos,Height,Weight,Hometown,High School,Team
Nate Johnson,34,SR,G,6-3,204.0,"Liberty Township, OH",Lakota East HS,Akron
Tavari Johnson,5,JR,G,5-11,155.0,"Chicago, IL",Lyons Township (IL),Akron
Isaiah Gray,13,SR,G,6-3,210.0,"Brooklyn, NY",Martin Luther King HS,Akron
Shammah Scott,1,SR,G,6-2,180.0,"Cleveland, OH",Shaker Heights (OH),Akron
Sharron Young,3,FR,G,6-0,160.0,"Morgantown, WV",Morgantown (WV),Akron
Amani Lyles,0,JR,F,6-7,226.0,"Columbus, OH",Beechcroft (OH),Akron
James Okonkwo,32,SR,F,6-8,230.0,"Maidenhead, United Kingdom",Furze Platt (England); Beckley Prep IJN (WV),Akron
Bowen Hardman,15,JR,G,6-3,175.0,"Cincinnati, OH",Princeton (OH),Akron
Seth Wilson,14,SR,G,6-1,215.0,"Lorain, OH",Lorain HS,Akron
Marvin Musiime-Kamali,23,SO,F,6-6,195.0,"Boston, MA",Thayer Academy (MA); Cushing Academy (MA),Akron
Josiah Harris,22,JR,F,6-7,200.0,"Canton, OH",Richmond Heights (OH),Akron
Evan Wilson,20,SR,G,6-2,200.0,"Noblesville, IN",Noblesville HS,Akron
Mark Sears,1,SR,G,6-1,185.0,"Muscle Shoals, AL",Hargrave Military Academy,Alabama
Grant Nelson,4,SR,F,6-10,215.0,"Devils Lake, ND",Devils Lake HS,Alabama
Aden Holloway,2,SO,G,6-1,178.0,"Charlotte, NC",Matthews Covenant Day School (NC); La Lumiere School (IN); Prolific Prep (CA),Alabama
Labaron Philon,0,FR,G,6-4,177.0,"Mobile, AL",Baker (AL); Link Academy (MO),Alabama
Clifford Omoruyi,11,SR,C,6-11,240.0,"Benin City, Nigeria",Roselle Catholic HS,Alabama
Chris Youngblood,8,SR,G,6-4,212.0,"Sharsburg, GA",East Coweta HS,Alabama
Mouhamed Dioubate,10,SO,F,6-7,215.0,"Queens, NY",Putnam Science Academy (CT),Alabama
Jarin Stevenson,15,SO,F,6-11,210.0,"Chapel Hill, NC",Seaforth (NC),Alabama
Derrion Reid,35,FR,F,6-8,220.0,"Grovetown, GA",Grovetown (GA); Prolific Prep (CA),Alabama
Aiden Sherrell,22,FR,F,6-10,240.0,"Detroit, MI",Wasatch Academy (UT); Prolific Prep (CA),Alabama
Latrell Wrightsell Jr.,3,SR,G,6-3,189.0,"Omaha, NE",Omaha Central HS,Alabama
Houston Mallette,95,SR,G,6-5,185.0,"Alameda, CA",Pacifica Christian HS,Alabama
Max Scharnowski,45,SR,F,6-6,205.0,"Elgin, IL",Wheaton Academy (IL),Alabama
Amarr Knox,1,JR,G,6-3,170.0,"Memphis, TN",Bartlett (TN),Alabama State
CJ Hines,3,SR,G,6-2,185.0,"Atlanta, GA",Archer (GA),Alabama State
TJ Madlock,20,SR,G,6-3,190.0,"Memphis, TN",Houston HS,Alabama State
Micah Simpson,2,JR,G,6-2,190.0,,Morristown East (TN),Alabama State
Jasteven Walker,25,JR,F,6-10,190.0,"Oakland, TN",Fayette Ware (TN),Alabama State
D'Ante Bass,0,JR,F,6-6,200.0,"Savannah, GA",Windsor Forest (GA),Alabama State
Micah Octave,11,SR,G,6-5,185.0,"Boca Raton, FL",Olympic Heights Community (FL),Alabama State
Tyler Mack,5,JR,G,6-5,185.0,"Warren, MI",Cousino (MI),Alabama State
Shawn Fulcher,12,SO,G,6-0,170.0,"Brooklyn, NY",Xaverian (NY); Scotland Campus (PA),Alabama State
Jalen Keago,10,JR,G,6-2,210.0,,Oshkosh North (WI); Speights Academy (FL),Alabama State
Ubong Okon,35,JR,C,7-1,230.0,"Akwa Ibom, Nigeria",NewRock Prep (GA),Alabama State
Mario Andrews,4,JR,C,6-7,200.0,,Independence (LA),Alabama State
Jordon Marshall,13,JR,G,,200.0,,Newton (GA),Alabama State
Caleb Love,1,SR,G,6-4,195.0,"St. Louis, MO",Christian Brothers (MO),Arizona
Jaden Bradley,0,JR,G,6-3,185.0,"Rochester, NY",Cannon School (NC); IMG Academy (FL),Arizona
KJ Lewis,5,SO,G,6-4,205.0,"El Paso, TX",Chapin (TX); Duncanville (TX),Arizona
Henri Veesaar,13,JR,F,7-0,200.0,"Tallinn, Estonia",Real Madrid (Spain),Arizona
Tobe Awaka,30,SO,F,6-8,250.0,"Hyde Park, NY",Cardinal Hayes (NY),Arizona
Trey Townsend,4,SR,F,6-6,212.0,"Oxford, MI",Oxford HS,Arizona
Anthony Dell'Orso,3,JR,G,6-6,190.0,"Melbourne, Australia",Marcellin College (Australia),Arizona
Carter Bryant,9,FR,G,6-8,225.0,"Riverside, CA",Corona Centennial (CA),Arizona
Motiejus Krivas,14,SO,C,7-2,260.0,"Siauliai, Lithuania",Å½algiris Kaunas (Lithuania),Arizona
Conrad Martinez,55,SO,G,6-0,165.0,"Granollers, Spain",Club Joventut Badalona (Spain),Arizona
Emmanuel Stephen,34,FR,F,6-11,230.0,"Lagos, Nigeria",NBA Academy Africa (Senegal); Dream City Christian (AZ),Arizona
Grant Weitman,15,SR,G,6-4,205.0,"Tucson, AZ",Salpointe Catholic HS,Arizona
Addison Arnold,2,FR,G,6-3,185.0,"Simi Valley, CA",Royal HS,Arizona
Liam Lloyd,11,SR,G,6-5,190.0,"Spokane, WA",Gonzaga Prep,Arizona
Sven Djopmo,42,FR,G,6-2,190.0,"Reims, France",,Arizona
Will Menaugh,33,SR,F,6-10,245.0,"Tucson, AZ",Catalina Foothills HS,Arizona
Luke Champion,24,SR,F,6-8,175.0,"Suwanee, GA",Lambert HS,Arizona
Jackson Cook,21,FR,G,6-2,175.0,"Oxford, United Kingdom",Montverde Academy (FL),Arizona
Jackson Francois,8,SO,G,6-4,155.0,"Las Vegas, NV",Bishop Gorman (NV),Arizona
Will Kuykendall,12,FR,G,6-3,175.0,"Santa Maria, CA",St. Joseph (CA),Arizona
Johnell Davis,1,SR,G,6-4,185.0,"Gary, IN",Twenty-First Century HS,Arkansas
Adou Thiero,3,JR,G,6-6,200.0,"Leetsdale, PA",Quaker Valley (PA),Arkansas
D.J. Wagner,21,SO,G,6-3,175.0,"Camden, NJ",Camden (NJ),Arkansas
Karter Knox,11,FR,F,6-6,220.0,"Tampa, FL",Tampa Catholic (FL); Overtime Elite RWE (GA),Arkansas
Zvonimir Ivisic,44,SO,F,7-2,234.0,"Vodice, Croatia",SC Derby (Montenegro),Arkansas
Boogie Fland,2,FR,G,6-2,210.0,"Bronx, NY",Archbishop Stepinac (NY),Arkansas
Trevon Brazile,4,JR,F,6-9,215.0,"Springfield, MO",Kickapoo HS,Arkansas
Jonas Aidoo,9,SR,F,6-11,230.0,"Durham, NC",Durham Voyager Academy (NC); Liberty Heights Athletic Institute (NC),Arkansas
Billy Richmond III,24,FR,F,6-5,205.0,"Memphis, TN",Memphis East (TN); Camden (NJ),Arkansas
Casmir Chavis,5,FR,G,6-0,180.0,"Minneapolis, MN",Park Center (MN),Arkansas
Ayden Kelley,14,FR,G,5-10,170.0,"Memphis, TN",Northpoint Christian (MS),Arkansas
Jaden Karuletwa,0,FR,G,6-5,185.0,"Sun Valley, CA",Santa Clara Christian (CA); Village Christian (CA),Arkansas
Melo Sanchez,8,JR,G,6-4,185.0,"San Diego, CA",Mater Dei Catholic (CA); Veritas Prep (CA),Arkansas
Kareem Watkins,25,SR,G,5-8,145.0,"Camden, NJ",Kingsway (NJ),Arkansas
Johni Broome,4,SR,F,6-10,235.0,"Plant City, FL",Tampa Catholic (FL),Auburn
Chad Baker-Mazara,10,SR,G,6-7,180.0,"Santo Domingo, Dominican Republic",Colonia (NJ); SPIRE Academy (OH),Auburn
Tahaad Pettiford,0,FR,G,6-1,175.0,"Jersey City, NJ",Hudson Catholic (NJ),Auburn
Miles Kelly,13,SR,G,6-4,171.0,"Liburn, GA",Hargrave Military Academy,Auburn
Denver Jones,2,SR,G,6-4,195.0,"New Market, AL",Memphis Day Academy (TN),Auburn
Chaney Johnson,31,SR,G,6-7,220.0,"Alabaster, AL",Thompson (AL),Auburn
Dylan Cardwell,44,SR,C,6-11,250.0,"Augusta, GA",McEachern HS,Auburn
Jahki Howard,3,FR,F,6-6,185.0,"Boston, MA",Norcross (GA); Donda Academy (CA); Overtime Elite (GA),Auburn
Ja'Heim Hudson,8,JR,F,6-7,230.0,"Marietta, GA",Wheeler HS,Auburn
Chris Moore,5,SR,F,6-6,240.0,"West Memphis, AR",West Memphis HS,Auburn
JP Pegues,1,SR,G,6-1,165.0,"Nashville, TN",Hillsboro HS,Auburn
Blake Muschalek,21,SO,G,6-3,178.0,"Dallas, TX",Trinity Christian Academy (TX),Auburn
Presley Patterson,14,JR,G,5-11,175.0,"Knoxville, TN",Knoxville Catholic (TN),Auburn
CJ Williams,7,JR,G,6-1,155.0,"Fayetteville, AR",Fayetteville (AR),Auburn
Reed Trapp,22,JR,G,6-6,188.0,"Muscle Shoals, AL",Covenant Christian School (AL),Auburn
Richie Saunders,15,JR,G,6-5,200.0,"Riverton, UT",Riverton (UT); Wasatch Academy (UT),BYU
Egor Demin,3,FR,G,6-9,190.0,"Moscow, Russia",Real Madrid (Spain),BYU
Trevin Knell,21,SR,G,6-5,190.0,"Woods Cross, UT",Woods Cross HS,BYU
Fousseyni Traore,45,SR,F,6-6,254.0,"Bamako, Mali",Wasatch Academy,BYU
Dawson Baker,25,JR,G,6-3,180.0,"Coto de Caza, CA",Capistrano Valley HS,BYU
Keba Keita,13,JR,C,6-7,230.0,"Bamako, Mali",American Heritage (UT); Wasatch Academy (UT),BYU
Kanon Catchings,6,FR,F,6-9,190.0,"Brownsburg, IN",Brownsburg (IN); Overtime Elite Cold Hearts (GA),BYU
Dallin Hall,30,JR,G,6-4,200.0,"Plain City, UT",Fremont (UT),BYU
Mawot Mag,0,SR,F,6-7,215.0,"Melbourne, Australia",Prolific Prep,BYU
Mihailo Boskovic,5,JR,F,6-10,,"Uzice, Serbia",KK Igokea (Bosnia),BYU
Trey Stewart,1,SR,G,6-2,189.0,"American Fork, UT",American Fork HS,BYU
Elijah Crawford,2,FR,G,6-2,180.0,"Augusta, GA",Augusta Christian (GA); Brewster Academy (NH),BYU
Brody Kozlowski,4,FR,F,6-8,215.0,"Draper, UT",Corner Canyon (UT),BYU
Jared McGregor,51,JR,G,6-3,180.0,"Saratoga Springs, UT",Westlake (UT),BYU
Max Triplett,20,JR,F,6-9,210.0,"Huntsville, UT",Weber (UT),BYU
Townsend Tripple,12,SO,F,6-8,212.0,"Meridian, ID",Rocky Mountain (ID),BYU
Norchad Omier,15,SR,F,6-7,230.0,"Bluefields, Nicaragua",Miami Prep,Baylor
V.J. Edgecombe,7,FR,G,6-5,180.0,"Bimini, Bahamas",Long Island Lutheran (NY),Baylor
Robert Wright III,1,FR,G,6-1,183.0,"Wilmington, DE",Neumann-Goretti (PA); Montverde Academy (FL),Baylor
Jayden Nunn,2,SR,G,6-4,190.0,"Flint, MI",Dream City Christian HS (Ariz.),Baylor
Jeremy Roach,3,SR,G,6-1,175.0,"Leesburg, VA",Paul VI HS,Baylor
Jalen Celestine,32,SR,G,6-6,185.0,"Glen Head, NY",Long Island Lutheran HS,Baylor
Langston Love,13,JR,G,6-5,210.0,"Universal City, TX",Montverde Academy (FL),Baylor
Josh Ojianwuna,17,JR,F,6-10,230.0,"Asaba, Nigeria",NBA Academy Africa; NBA Global Academy,Baylor
Jason Asemota,5,FR,F,6-9,200.0,"Lynn, MA",Dexter Southfield (MA); Hillcrest Prep (AZ),Baylor
Omar Adegbola,25,FR,G,6-4,205.0,"Houston, TX",West Anchorage (AK); Montverde Academy (FL),Baylor
Marino Dubravcic,22,FR,F,6-10,228.0,"Split, Croatia",KK Podstrana (Croatia),Baylor
Davidson Hubbard,21,SR,F,6-5,215.0,"Charlotte, NC",Ardrey Kell (NC),Baylor
Rafael Pinzon,24,SR,G,6-6,175.0,"Arecibo, Puerto Rico",Long Island Lutheran HS,Bryant
Earl Timberlake,0,SR,G,6-6,215.0,"Washington, DC",DeMatha Catholic HS,Bryant
Barry Evans,5,JR,F,6-8,205.0,"Baltimore, MD",Oakland Mills (MD); Baltimore Poly (MD); Putnam Science (CT),Bryant
Connor Withers,7,SR,F,6-7,195.0,"Manassas, VA",Osbourn HS,Bryant
Keyshawn Mitchell,22,SO,F,6-11,215.0,"Brooklyn, NY",Capital Prep (CT); First Love Christian Academy (PA),Bryant
Kvonn Cramer,1,SR,F,6-6,205.0,"Wilmington, DE",Mount Pleasant HS,Bryant
Jakai Robinson,13,JR,G,6-4,200.0,"Ossining, NY",Rock Creek Christian Academy,Bryant
Kam Farris,11,SR,G,6-3,165.0,"Burlington, VT",Rice Memorial HS,Bryant
Aaron Davis,21,SO,G,6-7,215.0,"Bay Shore, NY",Bay Shore (NY); St. Benedict's Prep (NJ); First Love Christian Academy (PA),Bryant
Josh Ozabor,50,SR,G,6-5,220.0,"Johannesburg, South Africa",IMG Academy,Bryant
Frankie Vassalluzzo,14,FR,G,6-0,175.0,"Boca Raton, FL",Pine Crest School (FL),Bryant
Jayden Brown,41,FR,G,5-11,160.0,"Teaneck, NJ",Immaculate Conception (NJ),Bryant
Michael Amador,51,FR,G,6-1,180.0,"Long Valley, NJ",West Morris Central (NJ),Bryant
Devean Williams,4,JR,G,6-3,180.0,"Los Angeles, CA",Narbonne (CA); TMG Prep (CA),Bryant
Chase Hunter,1,SR,G,6-3,204.0,"Atlanta, GA",Westlake HS,Clemson
Ian Schieffelin,4,SR,F,6-8,225.0,"Loganville, GA",Grayson HS,Clemson
Jaeden Zackery,11,SR,G,6-2,200.0,"Salem, WI",Westosha Central (WI),Clemson
Viktor Lakhin,0,SR,F,6-11,228.0,"Anapa, Russia",CSKA HS,Clemson
Chauncey Wiggins,7,JR,F,6-10,205.0,"Grayson, GA",Grayson (GA),Clemson
Dillon Hunter,2,JR,G,6-3.5,193.0,"Atlanta, GA",Westlake (GA); Ypsi Prep (MI); Sunrise Christian (KS),Clemson
Jake Heidbreder,3,JR,G,6-5,180.0,"Floyd Knobs, IN",Floyd Central HS,Clemson
Del Jones,10,FR,G,6-2,187.0,"Landover, MD",Huntington Prep (WV); AZ Compass Prep (AZ),Clemson
Myles Foster,6,SR,F,6-7,230.0,"Brooklyn, NY",Brooks HS,Clemson
Christian Reeves,14,SO,C,7-1,245.0,"Charlotte, NC",Oak Hill Academy (VA),Clemson
Asa Thomas,5,FR,F,6-8,185.0,"Lake Forest, IL",Lake Forest (IL),Clemson
Matt Kelly,20,SR,G,6-1,172.0,"Charleston, SC",Porter-Gaud (SC),Clemson
Daniel Nauseef,32,SR,F,6-7,215.0,"Dayton, OH",Chaminade Julienne Catholic HS,Clemson
Andrew Latiff,13,SR,G,6-4,184.0,"Clemson, SC",Daniel (SC),Clemson
Jackson Roberts,35,FR,C,6-11,247.0,"Tampa, FL",IMG Academy (FL),Clemson
Nique Clifford,10,SR,G,6-5,175.0,"Colorado Springs, CO",The Vanguard School,Colorado State
Jalen Lake,15,SR,G,6-4,185.0,"Waxahachie, TX",Waxahachie HS,Colorado State
Kyan Evans,0,SO,G,6-2,175.0,"Kansas City, MO",Staley (MO),Colorado State
Jaylen Crocker-Johnson,8,SO,F,6-8,230.0,"San Antonio, TX",Warren (TX),Colorado State
Rashaan Mbemba,21,SO,G,6-7,250.0,"Vienna, Austria",SKN St. PÃ¶lten (Austria),Colorado State
Keshawn Williams,11,SR,G,6-3,175.0,"Chicago, IL",Bloom HS,Colorado State
Bowen Born,13,JR,G,5-11,170.0,"Norwalk, IA",Norwalk HS,Colorado State
Kyle Jorgensen,35,FR,F,6-9,225.0,"Minneapolis, MN",Washburn (MN),Colorado State
Ethan Morton,25,SR,G,6-6,215.0,"Butler, PA",Butler Area HS,Colorado State
Nikola Djapa,23,SO,F,7-0,230.0,"Belgrade, Serbia",Hoosac School (NY),Colorado State
Jaden Steppe,44,FR,F,6-8,220.0,"Tualatin, OR",Tualatin (OR),Colorado State
Luke Murphy,14,SO,G,6-2,170.0,"Calabasas, CA",Calabasas (CA); Southern California Academy (CA),Colorado State
Ryan Kalkbrenner,11,SR,C,7-0,235.0,"St. Louis, MO",Trinity Catholic HS,Creighton
Steven Ashworth,1,SR,G,6-1,170.0,"Alpine, UT",Lone Peak HS,Creighton
Jamiya Neal,5,SR,F,6-6,185.0,"Toledo, OH",Pheonix Hillcrest Prep,Creighton
Jackson McAndrew,23,FR,F,6-10,220.0,"Wayzata, MN",Wayzata (MN),Creighton
Jasen Green,0,SO,F,6-8,225.0,"Omaha, NE",Millard North (NE),Creighton
Isaac Traudt,41,SO,F,6-10,229.0,"Grand Island, NE",Grand Island (NE),Creighton
Pop Isaacs,2,JR,G,6-2,170.0,"Las Vegas, NV",Wasatch Academy (UT); Coronado (NV),Creighton
Fedor Å½ugiÄ,7,,G,6-6,215.0,"Podgorica, Montenegro",BuduÄnost (Montenegro),Creighton
Fredrick King,33,JR,C,6-10,234.0,"Mangrove Cay, Bahamas",NBA Academy Latin America,Creighton
Mason Miller,13,JR,F,6-8,187.0,"Germantown, TN",Houston HS,Creighton
Ty Davis,9,FR,G,6-4,180.0,"Mountain Brook, AL",Mountain Brook (AL),Creighton
Sterling Knox,4,FR,G,6-4,200.0,"Las Vegas, NV",Durango (NV); Red Rock Academy (NV),Creighton
Shane Thomas,12,FR,G,6-3,200.0,"Las Vegas, NV",Centennial (NV); Durango (NV); Red Rock Academy (NV),Creighton
Josh Townley-Thomas,32,SO,F,6-10,220.0,"Omaha, NE",Creighton Prep (NE),Creighton
Sami Osmani,14,SR,G,6-4,205.0,"Oak Lawn, IL",Oak Lawn Community HS,Creighton
Bennett Stirtz,14,JR,G,6-4,180.0,"Liberty, MO",Liberty (MO),Drake
Daniel Abreu,54,SR,F,6-6,220.0,"Springfield, MO",Willard (MO),Drake
Tavion Banks,6,JR,G,6-7,200.0,"Kansas City, MO",Minnesota Prep (MN),Drake
Mitch Mascari,22,SR,G,6-5,200.0,"Geneva, IL",Geneva (IL),Drake
Cam Manyawu,3,SO,F,6-9,228.0,"Kansas City, MO",Staley (MO),Drake
Isaia Howard,23,FR,G,6-5,200.0,"Plattsburg, MO",Plattsburg (MO),Drake
Isaiah Jackson,4,SR,G,6-3,180.0,"Independence, MO",William Chrisman (MO),Drake
Kael Combs,11,SO,G,6-4,190.0,"Nixa, MO",Nixa (MO),Drake
Nate Ferguson,24,SR,F,6-8,210.0,"Lemont, IL",Lemont HS,Drake
Andrew Alia,21,SO,G,6-2,190.0,"Kenosha, WI",St. Joseph Catholic (WI),Drake
Cooper Flagg,2,FR,F,6-9,205.0,"Newport, ME",Nokomis Regional (ME); Montverde Academy (FL),Duke
Kon Knueppel,7,FR,G,6-7,217.0,"Milwaukee, WI",Wisconsin Lutheran (WI),Duke
Tyrese Proctor,5,JR,G,6-5,175.0,"Sydney, Australia",NBA Global Academy,Duke
Sion James,14,SR,G,6-5,185.0,"Buford, GA",Lanier HS,Duke
Khaman Maluach,9,FR,C,7-2,250.0,"Rumbek, South Sudan",NBA Academy Africa (Senegal),Duke
Isaiah Evans,3,FR,G,6-6,175.0,"Fayetteville, NC",North Mecklenburg (NC),Duke
Caleb Foster,1,SO,G,6-5,197.0,"Sherman Oaks, CA","Oak Hill Academy (VA); Notre Dame (Sherman Oaks, CA)",Duke
Mason Gillis,18,SR,F,6-6,230.0,"New Castle, IN",New Castle (IN),Duke
Patrick Ngongba,21,FR,C,6-11,250.0,"Manassas, VA",St. Paul VI (VA),Duke
Maliq Brown,6,JR,F,6-8,213.0,"Culpeper, VA",Blue Ridge (VA),Duke
Darren Harris,8,FR,G,6-6,203.0,"Herndon, VA",St. Paul VI (VA),Duke
Spencer Hubbard,55,SR,G,5-8,160.0,"Los Angeles, CA",Harvard Westlake HS,Duke
Neal Begovich,20,SR,F,6-9,225.0,"San Francisco, CA",St. Ignatius College Prep,Duke
Cameron Sheffield,13,JR,G,6-6,180.0,"ALpharetta, GA",Chattahoochee HS,Duke
Stanley Borden,52,SR,C,7-0,240.0,"Istanbul, TÃ¼rkiye",Istanbul Int'l Community School,Duke
Walter Clayton Jr.,1,SR,G,6-2,195.0,"Lake Wales, FL",Bartow HS,Florida
Alijah Martin,15,SR,G,6-2,185.0,"Summit, MS",North Pike HS,Florida
Will Richard,5,SR,G,6-5,195.0,"Fairburn, GA",Woodward Academy,Florida
Alex Condon,21,SO,F,6-11,230.0,"Perth, Australia",BA Centre of Excellence (Australia),Florida
Thomas Haugh,10,SO,F,6-9,210.0,"New Oxford, PA",Perkiomen School (PA),Florida
Denzel Aberdeen,11,JR,G,6-5,189.0,"Orlando, FL",Dr. Phillips (FL),Florida
Rueben Chinyelu,9,SO,C,6-11,245.0,"Enugu Agidi, Nigeria",NBA Academy Africa (Senegal),Florida
Sam Alexis,4,JR,F,6-9,190.0,"Apopka, FL",Apopka (FL),Florida
Urban Klavzar,7,FR,G,6-1,195.0,"Domzale, Slovenia",CD Estela Cantabria (Spain),Florida
Micah Handlogten,3,JR,C,7-1,212.0,"Huntersville, NC",Southlake Christian (NC),Florida
Isaiah Brown,20,FR,G,6-4,195.0,"Orlando, FL",Orlando Christian (FL),Florida
Bennett Andersen,22,SR,G,6-2,190.0,"Tampa, FL",Jesuit (FL),Florida
Kajus Kublickas,30,SO,G,6-2,171.0,"Kaunas, Lithuania",Å½algiris Kaunas (Lithuania),Florida
Cooper Josefsberg,33,SO,G,6-4,195.0,"Miami, FL",Riviera Prep (FL),Florida
Viktor Mikic,12,FR,C,6-11,240.0,"Belgrade, Serbia",Hamilton Heights (TN),Florida
Kevin Pazmino,2,SO,G,6-4,195.0,"Weston, FL",Cypress Bay (FL),Florida
Asa Newell,14,FR,F,6-11,220.0,"Destin, FL",Choctawhatchee (FL); Montverde Academy (FL),Georgia
Silas Demary Jr.,5,SO,G,6-5,180.0,"Raleigh, NC",Millbrook (NC); Liberty Heights (NC); Combine Academy (NC),Georgia
Blue Cain,0,SO,G,6-5,190.0,"Knoxville, TN",Knoxville Catholic (TN); IMG Academy (FL),Georgia
Dakota Leffew,1,SR,G,6-5,185.0,"Hampton, GA",Jonesboro HS,Georgia
Tyrin Lawrence,7,SR,G,6-4,190.0,"Monticello, GA",Morgan County HS,Georgia
RJ Godfrey,10,JR,F,6-7,225.0,"Suwanee, GA",North Gwinnett (GA),Georgia
Somto Cyril,6,FR,C,6-11,260.0,"Enugu, Nigeria",Hamilton Heights Christian (TN); Overtime Elite (GA),Georgia
De'Shayne Montgomery,2,SO,G,6-4,190.0,"Ft. Lauderdale, FL",Hargrave Military Academy (VA),Georgia
Dylan James,13,SO,F,6-9,200.0,"Winter Haven, FL",Winter Haven (FL),Georgia
Justin Abson,25,JR,F,6-9,235.0,"Pompano Beach, FL",North Broward Prep (FL),Georgia
Savo Drezgic,3,FR,G,6-4,200.0,"Belgrade, Serbia",Partizan (Serbia); DME Academy (FL),Georgia
Jaden Newell,24,SO,F,6-8,220.0,"Destin, FL",Choctawhatchee (FL),Georgia
Brandon Klatsky,22,SO,G,6-2,165.0,"Colts Neck, NJ",Ranney School (NJ),Georgia
Graham Ike,13,SR,F,6-9,245.0,"Aurora, CO",Overland HS,Gonzaga
Khalif Battle,99,SR,G,6-5,175.0,"Edison, NJ",Trenton Catholic (NJ),Gonzaga
Braden Huff,34,SO,F,6-10,235.0,"Glen Ellyn, IL",Glenbard West (IL),Gonzaga
Nolan Hickman,11,SR,G,6-2,185.0,"Seattle, WA",Wasatch Academy,Gonzaga
Ryan Nembhard,0,SR,G,6-0,167.0,"Aurora, Canada",Montverde Academy (Fla.),Gonzaga
Ben Gregg,33,SR,F,6-10,225.0,"Clackamas, OR",Clackamas HS,Gonzaga
Michael Ajayi,1,SR,G,6-7,220.0,"Kent, WA",Kentwood (WA),Gonzaga
Dusty Stromer,4,SO,G,6-6,192.0,"Sherman Oaks, CA","Notre Dame (Sherman Oaks, CA)",Gonzaga
Emmanuel Innocenti,5,SO,F,6-5,198.0,"Ranzanico, Italy",Stella Azzurra Roma (Italy),Gonzaga
Ismaila Diagne,24,FR,C,7-0,237.0,"Nguekhokhe, Senegal",Real Madrid (Spain),Gonzaga
Jun Seok Yeo,22,JR,F,6-8,215.0,"Seoul, South Korea",NBA Global Academy (Australia); Yongsan (South Korea),Gonzaga
Joe Few,15,JR,G,6-0,160.0,"Spokane, WA",Gonzaga Prep,Gonzaga
Joaquim ArauzMoore,10,SO,G,6-1,170.0,"Ross, CA",The Branson School (CA),Gonzaga
Noah Haaland,35,JR,F,6-9,245.0,"Rathdrum, ID",Lakeland (ID),Gonzaga
JaKobe Coles,21,SR,F,6-7,225.0,"Denton, TX",Guyer HS,Grand Canyon
Rayshon Harrison,0,SR,G,6-4,180.0,"Greenville, SC",Legacy Early College (SC),Grand Canyon
Tyon Grant-Foster,7,SR,G,6-7,210.0,"Kansas City, KS",Schlagle (KS),Grand Canyon
Duke Brennan,24,JR,F,6-10,235.0,"Gilbert, AZ",Perry (AZ); Hillcrest Prep (AZ),Grand Canyon
Makaih Williams,2,SO,G,6-1,185.0,"Long Beach, CA",Capistrano Valley Christian (CA),Grand Canyon
Lok Wur,5,SR,F,6-8,200.0,"Papillion, NE",Papillion La Vista South HS,Grand Canyon
Collin Moore,8,SR,G,6-3,205.0,"North Little Rock, AR",Sunrise Christian Academy,Grand Canyon
Caleb Shaw,11,JR,G,6-5,195.0,"Phoenix, AZ",Valley Christian (AZ),Grand Canyon
Styles Phipps,1,FR,G,6-2,190.0,"Phoenix, AZ",St. Mary's (AZ),Grand Canyon
Austin Maurer,34,FR,C,7-0,225.0,"Medford, OR",Cascade Christian (OR),Grand Canyon
Sammie Yeanay,23,FR,F,6-8,240.0,"Gainesville, FL",North Marion (FL); The Rock School (FL); AZ Compass Prep (AZ),Grand Canyon
Traivar Jackson,9,SR,F,6-6,210.0,"Anchorage, AK",West Anchorage (AK),Grand Canyon
Jason Amador,12,SR,G,6-0,195.0,"Parker, AZ",Parker (AZ),Grand Canyon
Kezza Giffa,1,SR,G,6-2,165.0,"Paris, France",Levallois Metropolitans (France),High Point
Kimani Hamilton,5,JR,F,6-7,215.0,"Clinton, MS",Clinton (MS),High Point
D'maurian Williams,4,SR,G,6-5,195.0,"Phoenix, AZ",Putnam Science Academy,High Point
Bobby Pettiford,55,SR,G,6-1,190.0,"Durham, NC",South Granville HS,High Point
Chase Johnston,2,SR,G,6-2,185.0,"Boca Raton, FL",Westminster Academy,High Point
Abdoulaye Thiam,11,SR,G,6-4,180.0,"Orlando, FL",Dr. Phillips (FL),High Point
Juslin Bodo Bodo,21,SO,F,7-0,240.0,"YaoundÃ©, Cameroon",Southern California Academy (CA),High Point
Trae Benham,3,SR,G,6-3,205.0,"Concord, NC",Concord Academy,High Point
Simon Hildebrandt,10,JR,F,6-9,238.0,"Winnipeg, Canada",Mennonite Brethren Collegiate (MB); Winnipeg Sea Bears (MB),High Point
Terry Anderson,0,SR,F,6-6,190.0,"Deer Park, TX",Deer Park (TX),High Point
Josh Ibukunoluwa,19,FR,F,6-10,219.0,"Perth, Australia",Willetton Tigers (Australia); Orangeville Prep (ON),High Point
Titas Sargiunas,7,SO,G,6-4,180.0,"Kaunas, Lithuania",Å½algiris Kaunas (Lithuania),High Point
Braden Hausen,15,FR,F,6-7,213.0,"Amarillo, TX",Amarillo (TX),High Point
Liam Carney,16,JR,G,6-6,205.0,"Minneapolis, MN",Providence Academy (MN),High Point
Ivan Matlekovic,40,FR,F,7-0,245.0,"Sisak, Croatia",HAKK Mladost (Croatia),High Point
Andrew Sineway,22,SO,G,6-6,193.0,"Boynton Beach, FL",Saint Andrew's School (FL),High Point
David Fonville,24,FR,G,6-3,198.0,"Jacksonville, FL",Providence School (FL),High Point
Birgir Irving,14,FR,F,6-7,215.0,"GarÃ°abÃ¦r, Iceland",Rothesay Netherwood School (NB),High Point
LJ Cryer,4,SR,G,6-1,185.0,"Katy, TX",Morton Ranch HS,Houston
Emanuel Sharp,21,JR,G,6-3,205.0,"Tampa, FL",Bishop McLaughlin (FL),Houston
Milos Uzan,7,JR,G,6-4,183.0,"Las Vegas, NV",Desert Pines (NV); Dream City Christian (AZ); Prolific Prep (CA),Houston
J'Wan Roberts,13,SR,F,6-7,220.0,"St. Thomas, U.S. Virgin Islands",Shoemaker (TX),Houston
Terrance Arceneaux,23,JR,G,6-5,195.0,"Beaumont, TX",Beaumont United (TX),Houston
Mylik Wilson,8,SR,G,6-3,175.0,"Rayville, LA",Rayville (LA),Houston
Joseph Tugler,11,SO,F,6-7,230.0,"Houston, TX",Cypress Falls (TX),Houston
Ja'Vier Francis,5,SR,F,6-8,225.0,"New Orleans, LA",Montverde Academy (Fla.),Houston
Mercy Miller,25,FR,G,6-4,200.0,"Sherman Oaks, CA","Minnehaha Academy (MN); Notre Dame (Sherman Oaks, CA)",Houston
Kordelius Jefferson,0,FR,G,6-1,200.0,"Arlington, TX",James Martin (TX),Houston
Ramon Walker Jr.,3,SR,G,6-4,210.0,"Pearland, TX",Shadow Creek HS,Houston
Cedric Lath,2,SO,C,6-9,265.0,"Abidjan, CÃ´te d'Ivoire",Liberty (NV); Balboa School (CA),Houston
Kasparas Jakucionis,32,FR,G,6-6,205.0,"Vilnius, Lithuania",FC Barcelona (Spain),Illinois
Will Riley,7,FR,F,6-8,195.0,"Kitchener, Canada",The Phelps School (PA),Illinois
Kylan Boswell,4,JR,G,6-2,195.0,"Champaign, IL",Centennial (CA); AZ Compass Prep (AZ),Illinois
Tomislav Ivisic,13,FR,C,7-1,255.0,"Vodice, Croatia",SC Derby (Montenegro),Illinois
Tre White,22,JR,G,6-7,210.0,"Dallas, TX",Little Elm (TX); Milwaukee Washington (WI); Prolific Prep (CA),Illinois
Ben Humrichous,3,SR,F,6-9,220.0,"Tipton, IN",Tipton (IN),Illinois
Morez Johnson Jr.,21,FR,F,6-9,255.0,"Riverdale, IL",Thornton Township (IL),Illinois
Dra Gibbs-Lawhorn,2,SO,G,6-1,185.0,"Lafayette, IN",McCutcheon (IN); Real Salt Lake Academy (UT); Montverde Academy (FL); Word of God Christian Academy (NC),Illinois
Jake Davis,15,SO,F,6-6,210.0,"McCordsville, IN","Cathedral (Indianapolis, IN)",Illinois
Carey Booth,0,SO,F,6-10,203.0,"Englewood, CO",Cherry Creek (CO); Brewster Academy (NH),Illinois
Keaton Kutcher,24,JR,G,6-2,165.0,"Mount Vernon, IA",Mount Vernon HS,Illinois
AJ Redd,5,JR,G,6-3,170.0,"Chicago, IL",St. Ignatius (IL),Illinois
Curtis Jones,5,SR,G,6-5,165.0,"Minneapolis, MN",Cretin-Derham Hall (MN),Iowa State
Joshua Jefferson,2,JR,F,6-8,220.0,"Las Vegas, NV",Liberty (NV),Iowa State
Keshon Gilbert,10,SR,G,6-4,180.0,"Las Vegas, NV",Vashon HS,Iowa State
Tamin Lipsey,3,JR,G,6-1,200.0,"Ames, IA",Ames (IA),Iowa State
Milan Momcilovic,22,SO,F,6-8,220.0,"Pewaukee, WI",Pewaukee (WI),Iowa State
Dishon Jackson,1,SR,C,6-10,235.0,"Vallejo, CA",St. Patrick-St. Vincent HS,Iowa State
Nate Heise,0,SR,G,6-4,191.0,"Lake City, MN",Lincoln HS,Iowa State
Brandton Chatfield,33,SR,F,6-10,238.0,"Clarkston, WA",Clarkston HS,Iowa State
Demarion Watson,4,JR,G,6-6,197.0,"Maple Grove, MN",Totino-Grace (MN),Iowa State
Nojus Indrusaitis,15,FR,G,6-5,200.0,"Chicago, IL",St. Rita (IL); Brewster Academy (NH),Iowa State
Cade Kelderman,13,SO,G,6-1,180.0,"Waukee, IA",Waukee Northwest (IA),Iowa State
Kayden Fish,11,FR,F,6-6,250.0,"Kansas City, MO",Staley (MO),Iowa State
JT Rock,30,FR,C,7-1,255.0,"Sioux Falls, SD",Sioux Falls Lincoln (SD),Iowa State
Conrad Hawley,23,SR,F,6-5,209.0,"Raymore, MO",Raymore-Peculiar (MO),Iowa State
Hunter Dickinson,1,SR,C,7-1,255.0,"Alexandria, VA",DeMatha Catholic HS,Kansas
Zeke Mayo,5,SR,G,6-3,179.0,"Lawrence, KS",Lawrence HS,Kansas
Dajuan Harris Jr.,3,SR,G,6-1,160.0,"Columbia, MO",Rock Bridge HS,Kansas
KJ Adams Jr.,24,SR,F,6-7,225.0,"Austin, TX",Westlake HS,Kansas
Rylan Griffen,6,JR,G,6-5,180.0,"Dallas, TX",Richardson (TX),Kansas
AJ Storr,2,JR,G,6-6,200.0,"Rockford, IL",Kankakee (IL); Bishop Gorman (NV); AZ Compass Prep (AZ); IMG Academy (FL),Kansas
Flory Bidunga,40,FR,F,6-9,220.0,"Kinshasa, Democratic Republic of the Congo",Kokomo (IN),Kansas
David Coit,8,SR,G,5-11,175.0,"Columbus, NJ",Scotland Campus (PA),Kansas
Shakeel Moore,0,SR,G,6-1,180.0,"Greensboro, NC",Moravian Prep,Kansas
Rakease Passmore,4,FR,G,6-5,185.0,"Palatka, FL",A.C. Reynolds (NC); Combine Academy (NC),Kansas
Zach Clemence,41,SR,F,6-10,225.0,"San Antonio, TX",Sunrise Christian Academy,Kansas
Wilder Evers,12,JR,G,6-3,190.0,"Birmingham, AL",Oak Mountain (AL),Kansas
Dillon Wilhite,22,JR,F,6-9,240.0,"San Diego, CA",Cathedral Catholic HS,Kansas
Justin Cross,25,SR,G,6-8,200.0,"Oak Park, IL",Oak Park River Forest (IL),Kansas
Patrick Cassidy,14,SR,G,6-1,185.0,"Columbus, KS",Columbus Unified (KS),Kansas
Will Thengvall,15,FR,G,6-3,185.0,"Wichita, KS",Kapaun Mount Carmel Catholic (KS),Kansas
Otega Oweh,0,JR,G,6-5,210.0,"Somerset, NJ",Blair Academy (NJ),Kentucky
Koby Brea,4,SR,G,6-6,174.0,"Washington Heights, NY",Monsignor Scanlan HS,Kentucky
Amari Williams,22,SR,F,6-10,227.0,"Nottingham, United Kingdom",Myerscough College (England),Kentucky
Andrew Carr,7,SR,F,6-9,210.0,"West Chester, PA",West Chester East HS,Kentucky
Jaxson Robinson,2,SR,G,6-7,193.0,"Ada, OK",Ada HS,Kentucky
Lamont Butler,1,SR,G,6-2,200.0,"Moreno Valley, CA",Riverside Poly HS,Kentucky
Brandon Garrison,10,SO,C,6-11,245.0,"Oklahoma City, OK",Del City (OK),Kentucky
Ansley Almonor,15,SR,F,6-7,215.0,"Spring Valley, NY",Our Saviour Lutheran (NY); Montvale St. Joseph (NJ),Kentucky
Travis Perry,11,FR,G,6-1,188.0,"Eddyville, KY",Lyon County (KY),Kentucky
Collin Chandler,5,FR,G,6-5,202.0,"Farmington, UT",Farmington (UT),Kentucky
Trent Noah,9,FR,F,6-5,220.0,"Harlan, KY",Harlan County (KY),Kentucky
Kerr Kriisa,77,SR,G,6-3,180.0,"Tartu, Estonia",Å½algiris-2 Kaunas (Lithuania),Kentucky
Grant Darbyshire,13,JR,G,6-2,190.0,"Cincinnati, OH",Sycamore (OH),Kentucky
Walker Horn,21,JR,G,6-1,200.0,"Austin, TX",Westlake (TX),Kentucky
Zach Tow,20,JR,F,6-5,,"Madisonville, KY",North Hopkins (KY),Kentucky
Taelon Peter,2,SR,G,6-4,185.0,"Russellville, AR",Russellville HS,Liberty
Kaden Metheny,3,JR,G,5-11,180.0,"Morgantown, WV",Morgantown University HS,Liberty
Zach Cleveland,25,JR,F,6-7,210.0,"Normal, IL",Normal Community (IL),Liberty
Colin Porter,0,JR,G,5-9,145.0,"Ashland, KY",Blazer (KY),Liberty
Jayvon Maughmer,32,SR,F,6-6,205.0,"Chillicothe, OH",Chillicothe (OH),Liberty
Owen Aquino,8,JR,F,6-8,230.0,"Madrid, Spain",Real Madrid (Spain),Liberty
Brett Decker Jr.,4,FR,G,6-3,190.0,"Cecilia, KY",Central Hardin (KY),Liberty
Isaiah Ihnen,7,JR,F,6-9,210.0,"Doeblingen, Germany",IBA Munich (Germany),Liberty
Zander Yates,11,JR,F,6-7,206.0,"Germantown, TN",Houston HS,Liberty
Curtis Blair III,24,FR,G,6-6,210.0,"Richmond, VA",The Steward School (VA),Liberty
Gabriel McKay,21,SR,G,6-2,175.0,"Lynchburg, VA",Liberty Christian (VA),Liberty
Kai Yu,45,FR,F,7-0,240.0,"Zhuhai, China",Link Year Prep (MO),Liberty
Bryson Spell,5,JR,F,6-9,220.0,"Virginia Beach, VA",Cape Henry Collegiate School,Liberty
JC Shirer Jr.,10,SO,G,6-3,195.0,"Arlington, TX",Grace Prep (TX),Liberty
Will Gibson,15,FR,F,6-7,225.0,"Louisville, KY",DeSales (KY),Liberty
Jacob Ognacevic,41,SR,F,6-8,210.0,"Sheboygan, WI",Sheboygan Area Lutheran HS,Lipscomb
Will Pruitt,2,SR,G,6-2,175.0,"Mt. Juliet, TN",Mt. Juliet HS,Lipscomb
Joe Anderson,22,SR,G,6-0,170.0,"Maryville, TN",Maryville HS,Lipscomb
Gyasi Powell,10,SR,G,6-2,185.0,"Jacksonville, FL",Bishop Snyder (FL),Lipscomb
Charlie Williams,6,JR,F,6-10,220.0,"Carmel, IN",Carmel (IN),Lipscomb
Dylan Faulkner,15,SO,F,6-9,215.0,"Calhoun, GA",Calhoun (GA),Lipscomb
Miles White,5,JR,G,6-3,185.0,"Kansas City, MO",Rockhurst (MO),Lipscomb
Grant Asman,35,JR,C,6-10,210.0,"Kimberly, WI",Kimberly HS,Lipscomb
Kellan Boylan,23,JR,G,6-6,190.0,"Overland Park, KS",Bishop Miege (KS),Lipscomb
Logan Suber,11,SO,G,6-0,170.0,"Fredericksburg, VA",Mt. Zion Prep (MD),Lipscomb
Ross Candelino,30,JR,G,6-5,185.0,"Jacksonville, FL",Ponte Vedra (FL),Lipscomb
Rylan Houck,1,SO,F,6-5,192.0,"Oxford, AL",Oxford (AL),Lipscomb
Jack Ingold,9,SR,G,6-3,190.0,"Charleston, WV",George Washington (WV),Lipscomb
Luke Carter,12,SO,G,6-1,175.0,"Knoxville, TN",Christian Academy of Knoxville (TN),Lipscomb
Zach Lamey,33,FR,G,6-3,175.0,"Birmingham, AL",Briarwood Christian (AL),Lipscomb
Terrence Edwards,5,SR,G,6-6,190.0,"Decatur, GA",Tucker HS,Louisville
Chucky Hepburn,24,SR,G,6-2,211.0,"Omaha, NE",Bellevue West (NE),Louisville
J'Vonne Hadley,1,SR,G,6-6,200.0,"St. Paul, MN",Cretin-Derham Hall HS,Louisville
Reyne Smith,6,SR,G,6-2,180.0,"Ulverstone, Australia",Centre of Excellence (Australia),Louisville
James Scott,0,SO,F,6-11,210.0,"Fayetteville, NC",E.E. Smith (NC),Louisville
Noah Waterman,93,SR,F,6-11,210.0,"Savannah, NY",Finger Lakes Christian (NY),Louisville
Aboubacar Traore,25,SR,G,6-5,190.0,"Abidjan, CÃ´te d'Ivoire",Labase Academy,Louisville
Khani Rooths,9,FR,F,6-8,205.0,"Washington, DC",Georgetown Prep (MD); IMG Academy (FL),Louisville
Kasean Pryor,7,SR,G,6-9,210.0,"Chicago, IL",Link Year Prep (MO); Pioneer (MI),Louisville
Frank Anselem,13,SR,C,6-10,210.0,"Lagos, Nigeria",Prolific Prep,Louisville
Koren Johnson,3,JR,G,6-2,175.0,"Seattle, WA",Garfield (WA); Wasatch Academy (UT),Louisville
Patrick Antonelli,12,SR,G,5-11,170.0,"Mount Pleasant, SC",Bishop England (SC),Louisville
Cole Sherman,4,JR,G,5-11,190.0,"Louisville, KY",St. Xavier (KY),Louisville
Aidan McCool,33,SR,G,6-3,155.0,"Charleston, SC",Bishop England HS,Louisville
Spencer Legg,55,JR,F,6-6,195.0,"Washington, DC",Woodberry Forest (VA); IMG Academy (FL),Louisville
Kameron Jones,1,SR,G,6-4,185.0,"Cordova, TN",Evangelical Christian School,Marquette
David Joplin,23,SR,F,6-7,215.0,"Brookfield, WI",Brookfield Central HS,Marquette
Stevie Mitchell,4,SR,G,6-2,190.0,"Reading, PA",Wilson HS,Marquette
Chase Ross,2,JR,G,6-4,195.0,"Dallas, TX",Plano West (TX); Cushing Academy (MA),Marquette
Ben Gold,12,JR,F,6-11,220.0,"Wellington, New Zealand",NBA Global Academy,Marquette
Royce Parham,13,FR,F,6-8,230.0,"Pittsburgh, PA",North Hills (PA); Western Reserve Academy (OH),Marquette
Zaide Lowery,7,SO,F,6-5,200.0,"Springfield, MO",Kickapoo (MO); La Lumiere School (IN),Marquette
Damarius Owens,10,FR,F,6-7,200.0,"Rochester, NY",Western Reserve Academy (OH),Marquette
Tre Norman,5,SO,G,6-4,205.0,"Boston, MA",Worcester Academy (MA),Marquette
Caedin Hamilton,35,FR,F,6-9,240.0,"Santa Maria, CA",St. Joseph (CA),Marquette
Casey O'Malley,40,SO,G,6-3,185.0,"Omaha, NE",Creighton Prep,Marquette
Jack Anderson,25,JR,G,6-4,200.0,"Davie, FL",Western (FL),Marquette
Cameron Brown,55,SR,G,6-1,190.0,"Plano, TX",John Paul II HS,Marquette
Jake Ciardo,54,JR,G,6-2,175.0,"Germantown, WI",Germantown (WI),Marquette
Jonah Lucas,41,JR,G,6-1,170.0,"West Lafayette, IN",W.H. Harrison (IN),Marquette
Derik Queen,25,FR,C,6-10,246.0,"Baltimore, MD",St. Frances Academy (MD); Montverde Academy (FL),Maryland
Ja'Kobi Gillespie,0,JR,G,6-0,175.0,"Greeneville, TN",Greeneville (TN),Maryland
Rodney Rice,1,SO,G,6-4,195.0,"Clinton, MD",DeMatha Catholic (MD),Maryland
Julian Reese,10,SR,F,6-9,230.0,"Baltimore, MD",St. Frances Academy,Maryland
Selton Miguel,9,JR,G,6-4,210.0,"Luanda, Angola",West Oaks Academy,Maryland
Tafara Gapare,6,JR,F,6-9,205.0,"Wellington, New Zealand",South Kent School (CT),Maryland
DeShawn Harris-Smith,5,SO,G,6-5,215.0,"Woodbridge, VA",Paul VI (VA),Maryland
Jordan Geronimo,22,SR,F,6-6,220.0,"Newark, NJ",St. Paul's HS,Maryland
Jayhlon Young,8,SR,G,6-2,175.0,"Dallas, TX",Garland (TX),Maryland
Malachi Palmer,7,FR,G,6-6,212.0,"Harrisburg, PA",Central Dauphin (PA); Hillcrest Prep (AZ); Mt. Zion Prep (MD),Maryland
Braden Pierce,4,SO,C,7-0,230.0,"Woodstock, GA",River Ridge (GA); IMG Academy (FL),Maryland
Chance Stephens,13,SO,G,6-3,185.0,"Riverside, CA",Riverside Poly (CA),Maryland
Ben Murphy,40,SR,G,6-1,193.0,"Reisterstown, MD",Franklin (MD),Maryland
Lukas Sotell,30,SO,G,6-3,170.0,"Stamford, CT",Stamford (CT),Maryland
Javohn Garcia,6,SR,G,6-2,183.0,"Columbus, OH",Pickerington Central (OH); Brewster Academy (NH),McNeese State
Sincere Parker,21,JR,G,6-3,195.0,"Rockford, IL",Rockford East (IL),McNeese State
Christian Shumate,24,SR,G,6-6,185.0,"Chicago Heights, IL",Bloom HS,McNeese State
DJ Richards,2,JR,G,6-5,180.0,"Houston, TX",Cypress Creek (TX),McNeese State
Quadir Copeland,11,JR,G,6-6,203.0,"Philadelphia, PA",Gettysburg (PA); Life Center Academy (NJ); IMG Academy (FL),McNeese State
Joe Charles,5,SR,F,6-7,195.0,"Carencro, LA",Carencro HS,McNeese State
Brandon Murray,23,SR,G,6-5,214.0,"Baltimore, MD",IMG Academy,McNeese State
Bryant Selebangue,9,JR,F,6-9,215.0,"Lasalle, Canada",TRC Prep (ON),McNeese State
T'Johnn Brown,0,SO,G,5-11,164.0,"Dallas, TX",Kimball (TX),McNeese State
Alyn Breed,7,SR,G,6-3,180.0,"Powder Springs, GA",McEachern HS,McNeese State
Omar Cooper,1,SR,G,6-0,179.0,"Atlanta, GA",The Walker School (GA),McNeese State
Lamont Evans IV,33,JR,G,6-0,155.0,"Hollywood, FL",Blanche Ely HS,McNeese State
Erik Villarreal,14,FR,G,6-3,190.0,"Houston, TX",Clear Lake (TX),McNeese State
PJ Haggerty,4,SO,G,6-3,192.0,"Crosby, TX",Crosby (TX),Memphis
Dain Dainja,42,SR,F,6-9,270.0,"Brooklyn Park, MN",Park Center HS,Memphis
Tyrese Hunter,11,SR,G,6-0,178.0,"Racine, WI",St. Catherines HS,Memphis
Colby Rogers,3,SR,G,6-5,190.0,"Covington, GA",Roselle Catholic HS,Memphis
Nick Jourdain,2,SR,F,6-8,205.0,"Clifton, NJ",Covenant College Prep,Memphis
Moussa Cisse,32,SR,C,6-10,220.0,"Conakry, Guinea",Lausanne Collegiate School,Memphis
PJ Carter,7,SR,G,6-5,175.0,"Atlanta, GA",Langston Hughes HS,Memphis
Baraka Okojie,6,SO,G,6-3,175.0,"Brampton, Canada",DME Academy (FL),Memphis
Dante Harris,5,SR,G,6-0,170.0,"Washington, DC",Lakeway Christian Academy,Memphis
Demarien Yates,0,SO,F,6-7,210.0,"Somerville, TN",Fayette-Ware (TN),Memphis
Jared Harris,1,FR,G,6-2,160.0,"Silsbee, TX",Silsbee (TX),Memphis
Vladislav Goldin,50,SR,F,7-1,240.0,"Nalchick, Russia",Putnam Science Academy,Michigan
Danny Wolf,1,JR,F,7-0,255.0,"Glencoe, IL",Northfield Mount Hermon (MA),Michigan
Tre Donaldson,3,JR,G,6-2,190.0,"Tallahassee, FL",FSU High School (FL),Michigan
Roddy Gayle Jr.,11,JR,G,6-4,205.0,"Niagara Falls, UT",Lewiston-Porter (NY); Wasatch Academy (UT),Michigan
Nimari Burnett,4,SR,G,6-4,195.0,"Chicago, IL",Prolific Prep,Michigan
Will Tschetter,42,SR,F,6-8,230.0,"Stewartville, MN",Stewartville HS,Michigan
L.J. Cason,2,FR,G,6-2,190.0,"Lakeland, FL",Victory Christian (FL),Michigan
Rubin Jones,15,SR,G,6-5,184.0,"Houston, TX",Yates HS,Michigan
Sam Walters,24,SO,F,6-10,198.0,"The Villages, FL",Villages Charter School (FL),Michigan
Justin Pippen,10,FR,G,6-3,180.0,"Chatsworth, CA",Sierra Canyon (CA),Michigan
Phat Phat Brooks,8,FR,G,6-2,190.0,"Grand Rapids, MI",Grand Rapids Catholic Central (MI),Michigan
Harrison Hochberg,13,SO,F,6-7,225.0,"New York, NY",Fessenden School (MA); Suffield Academy (CT); Cushing Academy (MA),Michigan
Jace Howard,7,SR,G,6-7,210.0,"Miami, FL",University School,Michigan
Ian Burns,14,SR,G,6-6,200.0,"Winnetka, IL",New Trier HS,Michigan
Howard Eisley Jr.,5,FR,G,6-0,195.0,"New York, NY",Archbishop Stepinac (NY),Michigan
Charlie May,12,JR,G,6-5,190.0,"Boca Raton, FL",Saint Andrew's School (FL),Michigan
Jaden Akins,3,SR,G,6-4,180.0,"Farmington, MI",Sunrise Christian Academy,Michigan State
Jase Richardson,11,FR,G,6-3,185.0,"Denver, CO",Bishop Gorman (NV); Columbus (FL),Michigan State
Tre Holloman,5,JR,G,6-2,180.0,"Minneapolis, MN",Cretin-Derham Hall (MN),Michigan State
Coen Carr,55,SO,F,6-6,220.0,"East Point, GA",Dutchtown (GA); Legacy Early College (SC),Michigan State
Jaxon Kohler,0,JR,F,6-9,240.0,"American Fork, UT",American Fork (UT); Southern California Academy (CA),Michigan State
Frankie Fidler,8,SR,F,6-7,200.0,"Bellevue, NE",Bellevue West HS,Michigan State
Jeremy Fears Jr.,1,SO,G,6-2,190.0,"Joliet, IL",Joliet West (IL),Michigan State
Carson Cooper,15,JR,C,6-11,230.0,"Jackson, MI",Jackson Northwest (MI); Ypsilanti Prep (MI); IMG Academy (FL),Michigan State
Xavier Booker,34,SO,F,6-11,220.0,"Indianapolis, IN",Cathedral (IN),Michigan State
Szymon Zapala,10,SR,C,6-11,240.0,"Zaborze, Poland",PZKosz WÅadysÅawowo (Poland),Michigan State
Kur Teng,2,FR,G,6-4,190.0,"Manchester, NH",Bradford Christian (MA),Michigan State
Gehrig Normand,7,SO,G,6-5,190.0,"North Richland Hills, TX",Birdville (TX),Michigan State
Nick Sanders,20,JR,G,5-9,170.0,"Franklin, MI",Detroit Country Day (MI),Michigan State
Josh Hubbard,12,SO,G,5-10,185.0,"Madison, MS",Madison-Ridgeland Academy (MS),Mississippi State
KeShawn Murphy,3,JR,F,6-10,245.0,"Birmingham, AL",Ramsay HS,Mississippi State
Claudell Harris Jr.,0,SR,G,6-3,190.0,"Hahnville, LA",Hahnville HS,Mississippi State
Riley Kugel,2,JR,G,6-5,207.0,"Orlando, FL",Dr. Phillips (FL),Mississippi State
RJ Melendez,22,SR,G,6-7,205.0,"Arecibo, Puerto Rico",Central Pointe Christian HS,Mississippi State
Cameron Matthews,4,SR,F,6-7,220.0,"Olive Branch, MS",Olive Branch HS,Mississippi State
Michael Nwoko,23,SO,C,6-10,245.0,"Toronto, Canada",St. Thomas More (CT); The Burlington School (NC); Prolific Prep (CA),Mississippi State
Shawn Jones Jr.,5,JR,G,6-5,200.0,"Houston, TX",Shadow Creek (TX),Mississippi State
Kanye Clary,1,JR,G,5-11,192.0,"Virginia Beach, VA",Princess Anne (VA); Massanutten Military (VA),Mississippi State
Martavious Russell,21,SO,G,6-2,185.0,"Coker, AL",Sipsey Valley (AL),Mississippi State
Gai Chol,34,SO,C,6-11,245.0,"Juba, South Sudan",Greenforest Mccalep Christian (GA),Mississippi State
Dellquan Warren,6,FR,G,6-2,180.0,"Erie, PA",Keystone Athletic Academy (PA); Cathedral Prep (PA); Our Savior Lutheran (NY),Mississippi State
Jeremy Foumena,7,SO,C,6-11,235.0,"MontrÃ©al, Canada",Orangeville Prep (ON),Mississippi State
Harrison Alexander,8,FR,G,6-4,190.0,"Madison, MS",Madison-Ridgeland Academy (MS),Mississippi State
Trey Jackson III,40,SR,G,6-2,200.0,"Starkville, MS",Starkville (MS),Mississippi State
Mark Mitchell,25,JR,F,6-8,220.0,"Kansas City, KS",Sunrise Christian (KS),Missouri
Tamar Bates,2,SR,G,6-5,193.0,"Kansas City, KS",IMG Academy,Missouri
Caleb Grill,31,SR,G,6-3,195.0,"Maize, KS",Maize HS (KS),Missouri
Anthony Robinson II,0,SO,G,6-2,175.0,"Tallahassee, FL",Florida State University School (FL),Missouri
Tony Perkins,12,SR,G,6-4,210.0,"Indianapolis, IN",Lawrence North HS,Missouri
Trent Pierce,11,SO,F,6-10,210.0,"Tulsa, OK",Union (OK); AZ Compass Prep (AZ),Missouri
Marques Warrick,1,SR,G,6-2,170.0,"Lexington, KY",Henry Clay HS,Missouri
Jacob Crews,35,SR,G,6-7,210.0,"Hilliard, FL",Hilliard (FL),Missouri
Josh Gray,33,SR,C,6-11,255.0,"Brooklyn, NY",Putnam Science Academy,Missouri
Aidan Shaw,23,JR,F,6-8,195.0,"Overland Park, KS",Blue Valley (KS),Missouri
Marcus Allen,4,FR,G,6-7,220.0,"Miami, FL",Norland (FL),Missouri
T.O. Barrett,5,FR,G,6-4,200.0,"Oklahoma City, OK",Edmond North (OK); Link Academy (MO),Missouri
Annor Boateng,6,FR,G,6-6,215.0,"Little Rock, AR",Little Rock Central (AR),Missouri
Peyton Marshall,21,FR,C,7-0,300.0,"Atlanta, GA",Kell (GA); Overtime Elite (GA),Missouri
Jeremy Sanchez,10,SR,G,6-0,180.0,"North Ridgeville, OH",North Ridgeville (OH),Missouri
JV Brown,17,FR,G,6-5,195.0,"Los Angeles, CA",Rolling Hills Prep (CA),Missouri
Money Williams,0,SO,G,6-4,200.0,"Oakland, CA",Oakland (CA),Montana
Joe Pridgen,11,SR,F,6-5,210.0,"Winchendon, MA",Governor's Academy,Montana
Kai Johnson,1,JR,G,6-4,190.0,"Olympia, WA",Olympia (WA),Montana
Malik Moore,3,SO,G,6-5,185.0,"Ventura, CA",Heritage Christian (CA),Montana
Brandon Whitney,12,SR,G,6-1,178.0,"Mission Hills, CA",Bishop Alemany HS,Montana
Te'Jon Sawyer,32,SR,F,6-8,252.0,"Richmond, CA",Salesian Prep,Montana
Austin Patterson,20,JR,G,6-3,180.0,"Sonora, CA",Sonora HS,Montana
Jensen Bradtke,50,FR,F,6-10,220.0,"Sandringham, Australia",Lake Ginninderra College (Australia),Montana
Zack Davidson,14,FR,F,6-8,224.0,"Santa Ana, CA",Mater Dei (CA),Montana
Amari Jedkins,5,SO,F,6-7,195.0,"Racine, WI",Case (WI),Montana
Jeremiah Dargan,8,JR,G,6-4,190.0,"Concord, CA",Clayton Valley Charter (CA),Montana
Jalen Foy,15,JR,F,6-7,215.0,"Las Vegas, NV",Canyon Springs (NV),Montana
Adam Shoff,22,SR,G,6-1,167.0,"Redding, CA",Enterprise (CA),Montana
Dola Adebayo,4,JR,F,6-8,190.0,"Ocala, FL",Canterbury School,Mount St. Mary's
Dallas Hobbs,8,SO,G,6-1,160.0,"Dallas, TX",Dynamic Prep (TX),Mount St. Mary's
Jedy Cordilia,14,SR,F,6-9,210.0,"Tilburg, Netherlands",West Nottingham Academy,Mount St. Mary's
Carmelo Pacheco,1,SO,G,6-5,190.0,"Harrisonberg, VA",Spotswood (VA),Mount St. Mary's
Xavier Lipscomb,45,SR,G,6-2,195.0,"Washington, DC",St. Stephen's & St. Agnes School,Mount St. Mary's
Terrell Ard Jr.,13,SR,F,6-7,210.0,"Acworth, GA",Putnam Science Academy,Mount St. Mary's
Arlandus Keyes,2,JR,G,6-2,173.0,"Florissant, MO",Gateway City Elite (MO),Mount St. Mary's
Javon Ervin,23,JR,G,6-3,200.0,"Tacoma, WA",Lakes (WA),Mount St. Mary's
Abdou Khadre KÃ©bÃ©,9,FR,F,6-7,170.0,"Dakar, Senegal",SEED Academy (Senegal),Mount St. Mary's
Patrick Haigh,10,SO,G,6-4,190.0,"Altoona, PA",Bishop Guilfoyle (PA),Mount St. Mary's
Malcolm Dread,5,JR,G,6-4,210.0,"Detroit, MI",Gonzaga Prep,Mount St. Mary's
Trey Wilson,12,FR,G,6-3,188.0,"Miramar, FL",Miami Country Day (FL),Mount St. Mary's
Jonathan Ogunfuye,3,FR,F,6-7,190.0,"Houston, TX",Spire Academy (OH),Mount St. Mary's
Jaxon Hartman,6,FR,G,6-3,195.0,"Staunton, VA",Miller School of Albemarle (VA),Mount St. Mary's
Donovan Dent,2,JR,G,6-2,170.0,"Riverside, CA",Centennial (CA),New Mexico
Nelly Junior Joseph,23,SR,F,6-9,230.0,"Benin City, Benin",NBA Academy Africa,New Mexico
Tru Washington,3,SO,G,6-4,195.0,"Phoenix, AZ",Mountain Pointe (AZ); AZ Compass Prep (AZ),New Mexico
Mustapha Amzil,22,SR,F,6-10,220.0,"Helsinki, Finland",HBA-MÃ¤rsky (Finland),New Mexico
C.J. Noland,0,SR,G,6-2,229.0,"Waxahachie, TX",Waxahachie HS,New Mexico
Filip Borvicanin,8,JR,F,6-9,185.0,"Belgrade, Serbia",KK Beko (Serbia),New Mexico
Jovan Milicevic,24,FR,F,6-10,240.0,"Toronto, Canada",Dream City Christian (AZ),New Mexico
Braden Appelhans,1,SO,G,6-7,185.0,"Blue Springs, MO",Blue Springs (MO); Western Reserve (OH),New Mexico
Kayde Dotson,4,FR,G,6-2,190.0,"Beaumont United, TX",Beaumont United (TX),New Mexico
Atiki Ally Atiki,6,SR,F,6-9,213.0,"Mwanza, Tanzania",London Basketball Academy,New Mexico
Ibrahima Sacko,7,SO,F,6-6,225.0,"Conarky, Guinea",J. Addison School (Canada),New Mexico
Quinton Webb,11,SO,G,6-6,205.0,"San Bernardino, CA",Etiwanda (CA),New Mexico
Brian Moore Jr.,5,JR,G,6-3,180.0,"Harlem, NY",Kingston (NY),Norfolk State
Christian Ings,0,SR,G,6-2,176.0,"Philadelphia, PA",Neumann Goretti HS,Norfolk State
Jalen Myers,9,SR,F,6-7,190.0,"Madison, AL",Bob Jones HS,Norfolk State
Kuluel Mading,7,SR,F,6-9,202.0,"High Point, NC",The Burlington School,Norfolk State
Jaylani Darden,11,SR,G,6-5,185.0,"Norfolk, VA",Norview (VA),Norfolk State
Terrance Jones,2,SR,G,6-3,165.0,"Trenton, NJ",Trenton Catholic (NJ); The Patrick School (NJ),Norfolk State
Chris Fields Jr.,24,SO,F,6-7,240.0,"Petersburg, VA",Petersburg (VA),Norfolk State
Sin'Cere McMahon,13,SR,G,6-1,167.0,"Indianapolis, IN",Crispus Attucks HS,Norfolk State
Tyrel Bladen,8,SR,F,6-10,230.0,"Coatesville, PA",Coatesville HS,Norfolk State
Dramane Camara,35,SO,G,6-5,205.0,"Paris, France",NBA Academy Africa (Senegal),Norfolk State
Rodney Baines,6,FR,F,6-8,215.0,"Norfolk, VA",Lake Taylor (VA),Norfolk State
Jordan Leaks,20,SO,G,6-3,170.0,"Hampton, VA",Phoebus (VA),Norfolk State
Jeremiah Fears,0,FR,G,6-4,182.0,"Joliet, IL",AZ Compass Prep (AZ),Oklahoma
Jalon Moore,14,SR,F,6-6,211.0,"Gardendale, AL",Gardendale HS,Oklahoma
Duke Miles,15,SR,G,6-2,175.0,"Montgomery, AL",Robert E. Lee HS,Oklahoma
Kobe Elvis,1,SR,G,6-2,170.0,"Brampton, Canada",Bill Crothers Prep,Oklahoma
Brycen Goodine,2,SR,G,6-4,185.0,"New Bedford, MA",St. Andrews School,Oklahoma
Sam Godwin,10,SR,F,6-9,210.0,"Moore, OK",Southmoore HS,Oklahoma
Glenn Taylor Jr.,35,SR,F,6-6,200.0,"Las Vegas, NV",AZ Compass Prep (AZ),Oklahoma
Dayton Forsythe,7,FR,G,6-2,187.0,"Dale, OK",Dale (OK),Oklahoma
Mohamed Wague,5,SR,F,6-10,225.0,"Bronx, NY",Frederick Douglass (NY); Scotland Campus (PA),Oklahoma
Luke Northweather,45,SO,C,6-11,232.0,"Jefferson City, MO",Blair Oaks (MO),Oklahoma
Jacolb Cole,24,FR,F,6-7,211.0,"Ada, OK",Ada (OK); The Skill Factory (GA),Oklahoma
Jake Moser,30,SR,G,6-3,187.0,"Norman, OK",Loyola Academy,Oklahoma
Reid Lovelace,55,JR,G,5-11,135.0,"Oklahoma City, OK",Crossings Christian (OK),Oklahoma
Sean Pedulla,3,SR,G,6-1,190.0,"Edmond, OK",Edmond Memorial HS,Ole Miss
Jaemyn Brakefield,4,SR,F,6-8,216.0,"Jackson, MS",Huntington Prep School,Ole Miss
Malik Dia,0,JR,F,6-9,240.0,"Murfreesboro, TN",Ensworth (TN),Ole Miss
Jaylen Murray,5,SR,G,5-11,175.0,"Putnam, CT",Putnam Science Academy,Ole Miss
Dre Davis,14,SR,G,6-5,220.0,"Indianapolis, IN",Lawrence Central HS,Ole Miss
Matthew Murrell,11,SR,G,6-4,200.0,"Memphis, TN",IMG Academy,Ole Miss
Davon Barnes,7,SR,F,6-5,215.0,"Memphis, TN",Collierville HS,Ole Miss
Mikeal Brown-Jones,1,SR,F,6-8,210.0,"Philadelphia, PA",IMG Academy,Ole Miss
Eduardo Klafke,8,FR,G,6-5,195.0,"Franca SP, Brazil",NBA Academy Latin America,Ole Miss
John Bol,10,FR,F,7-2,210.0,"Boma, South Sudan",Overtime Elite (GA),Ole Miss
Ja'Von Benson,21,SR,F,6-7,251.0,"Columbia, SC",Ridgeview HS,Ole Miss
Cam Brent,55,SR,G,5-5,130.0,"Jackson, MS",Jackson Prep (MS),Ole Miss
Robert Cowherd,6,SO,G,6-5,200.0,"Grayson, GA",Southern California Academy (CA),Ole Miss
Marquel Sutton,10,SR,F,6-7,205.0,"Tulsa, OK",Will Rogers (OK),Omaha
JJ White,1,SR,G,6-2,185.0,"Lawrenceville, GA",Norman North (OK),Omaha
Tony Osburn,32,JR,G,6-2,180.0,"Fairfax, MO",Mound City (MO),Omaha
Lance Waddles,7,JR,G,6-3,180.0,"Shreveport, LA",Evangel Christian (AL),Omaha
Ja'Sean Glover,5,JR,G,6-4,190.0,"Madelia, MN",Madelia (MN),Omaha
Kamryn Thomas,22,JR,F,6-8,200.0,"Chicago, IL",Dream City Christian (AZ),Omaha
Isaac Ondekane,24,SR,F,6-8,275.0,"Kinshasa, Democratic Republic of the Congo",Sunrise Christian (KS),Omaha
Joshua Streit,23,JR,F,6-8,230.0,"Watkins, ND",Eden Valley-Watkins HS,Omaha
Grant Stubblefield,3,SO,G,6-1,180.0,"Overland Park, KS",Blue Valley Northwest (KS),Omaha
Khamani Cooper,25,SO,G,6-4,189.0,"Pine Bluff, AR",Watson Chapel (AR),Omaha
Pablo Soumare,27,FR,C,6-9,250.0,"Dakar, Senegal",Veritas Academy (CA),Omaha
Lincoln Palbicki,55,SO,C,6-9,235.0,"Maple Grove, MN",Maple Grove (MN),Omaha
Sebastian Perry,4,SO,G,6-1,170.0,"Oklahoma City, OK",Heritage Hall (OK),Omaha
Nathan Bittle,32,SR,C,7-0,215.0,"Central Point, OR",Crater HS,Oregon
Jackson Shelstad,3,SO,G,6-0,170.0,"West Linn, OR",West Linn (OR),Oregon
TJ Bamba,5,SR,G,6-5,208.0,"Bronx, NY",Abraham Lincoln HS,Oregon
Keeshawn Barthelemy,9,SR,G,6-2,163.0,"MontrÃ©al, Canada",Thornlea Secondary (ON),Oregon
Brandon Angel,21,SR,F,6-8,210.0,"San Diego, CA",Torrey Pines HS,Oregon
Jadrian Tracey,2,SR,F,6-5,190.0,"Fort Myers, FL",West Oaks Academy,Oregon
Kwame Evans Jr.,10,SO,F,6-9,200.0,"Baltimore, MD",Baltimore Poly (MD); Montverde Academy (FL),Oregon
Supreme Cook,7,SR,F,6-9,200.0,"East Orange, NJ",The Peddie School,Oregon
Ra'Heim Moss,0,SR,G,6-4,205.0,"Springfield, OH",Springfield (OH),Oregon
Mookie Cook,11,SO,F,6-7,200.0,"Portland, OR",Jefferson (OR); AZ Compass Prep (AZ),Oregon
Jamari Phillips,24,FR,G,6-3,185.0,"Modesto, CA",Modesto Christian (CA); Dream City Christian (AZ),Oregon
Jayson Williams-Johnson,14,SR,G,6-0,165.0,"Scotch Plains, NJ",The Peddie School (NJ),Oregon
Drew Carter,22,JR,G,6-3,200.0,"Portland, OR",Tigard (OR),Oregon
James Cooper,12,SR,F,6-7,210.0,"Mauldin, SC",Mauldin HS,Oregon
Luke Johnson,13,FR,F,6-7,210.0,,Central Catholic (OR); Huntington Prep (WV),Oregon
Oleksandr Kobzystyi,6,FR,F,6-7,190.0,"Poltava Oblast, Ukraine",KK Mega Basket (Serbia),Oregon
Trey Kaufman-Renn,4,JR,F,6-9,210.0,"Sellersburg, IN",Silver Creek HS,Purdue
Braden Smith,3,JR,G,6-0,180.0,"Westfield, IN",Westfield (IN),Purdue
Fletcher Loyer,2,JR,G,6-4,185.0,"Fort Wayne, IN",Homestead (IN),Purdue
C.J. Cox,0,FR,G,6-3,200.0,"Lexington, MA",Milton Academy (MA),Purdue
Myles Colvin,5,SO,G,6-5,200.0,"Indianapolis, IN",Heritage Christian (IN),Purdue
Camden Heide,23,SO,F,6-7,205.0,"Wayzata, MN",Wayzata (MN); Wasatch Academy (MN),Purdue
Caleb Furst,1,SR,F,6-10,215.0,"Fort Wayne, IN",Blackhawk Christian HS,Purdue
Gicarri Harris,24,FR,G,6-3,200.0,"Atlanta, GA",Grayson (GA),Purdue
Raleigh Burgess,34,FR,F,6-11,240.0,"Cincinnati, OH",Sycamore (OH),Purdue
Will Berg,44,SO,C,7-2,260.0,"Stockholm, Sweden",Riksbasketgymnasiet Lulea (Sweden),Purdue
Brian Waddell,11,JR,F,6-7,185.0,"Carmel, IN",Carmel HS,Purdue
Daniel Jacobsen,12,FR,C,7-4,230.0,"Chicago, IL",La Cueva (NM); Brewster Academy (NH),Purdue
Sam King,7,JR,F,6-8,225.0,"Columbus, IN",Columbus North (IN),Purdue
Jace Rayl,32,SO,G,5-10,170.0,"Kokomo, IN",Kokomo (IN),Purdue
Josh Furst,20,SO,F,6-6,200.0,"Fort Wayne, IN",Blackhawk Christian (IN),Purdue
Jack Lusk,9,SO,G,6-4,195.0,"Elkhorn, NE",Elkhorn North (NE),Purdue
Alvaro Folgueiras,7,SO,F,6-9,215.0,"Malaga, Spain",DME Academy (FL),Robert Morris
Amarion Dickerson,3,JR,F,6-7,185.0,"Cleveland, OH",Rhodes (OH),Robert Morris
Kam Woods,8,SR,G,6-2,170.0,"Bessemer, AL",Pinson Valley HS,Robert Morris
Josh Omojafo,4,JR,G,6-5,200.0,"Hamilton, Canada",St. Jean de BrÃ©beuf (ON); Lincoln Prep (ON),Robert Morris
D.J. Smith,11,JR,G,6-0,150.0,"North Little Rock, AR",North Little Rock HS,Robert Morris
Ryan Prather Jr.,2,SO,G,6-5,205.0,"Clarksburg, MD",Clarksburg (MD); Bishop Walsh (MD); Liberty Heights Athletic Institute (NC),Robert Morris
Ismael Plet,45,SR,F,6-7,220.0,"Amsterdam, Netherlands",Virginia Episcopal School,Robert Morris
Dilen Miller,10,FR,G,6-4,185.0,"Chandler, AZ",The Christ Academy (TX),Robert Morris
Antallah Sandlin'El,13,SO,F,6-8,205.0,"Lincoln, NE",Lincoln North Star (NE),Robert Morris
Chris Ford,23,SR,F,6-5,200.0,"Huntersville, NC",North Mecklenburg HS,Robert Morris
Maurio Hanson Jr.,31,FR,F,6-7,200.0,"Charlotte, NC",Chambers (NC),Robert Morris
Tanner O'Grady,0,JR,G,6-0,175.0,"Pittsburgh, PA",Upper St. Clair (PA),Robert Morris
Ray'Sean Taylor,3,SR,G,6-1,175.0,"Collinsville, IL",Collinsville HS,SIU-Edwardsville
Brian Taylor,11,JR,G,6-4,184.0,"St. Louis, MO",DeSmet Jesuit (MO),SIU-Edwardsville
Ring Malith,0,JR,F,6-9,180.0,"Twic, South Sudan",Florida Coastal Prep (FL),SIU-Edwardsville
Desmond Polk,2,SR,G,6-4,175.0,"Milwaukee, WI",Link Year Prep,SIU-Edwardsville
Myles Thompson,21,JR,F,6-7,240.0,"Hutchinson, KS",Hutchinson (KS),SIU-Edwardsville
Kyle Thomas,24,SO,F,6-10,240.0,"Bolingbrook, IL",Westchester St. Joseph (IL); Benet Academy (IL),SIU-Edwardsville
Arnas Sakenis,34,JR,F,6-11,240.0,"Tinley Park, IL",Andrew (IL),SIU-Edwardsville
Jordan Pickett,1,SO,G,6-3,190.0,"Belleville, IL",Belleville East (IL),SIU-Edwardsville
Declan Dillon,5,JR,G,6-0,200.0,"Peoria, IL",Peoria Notre Dame (IL),SIU-Edwardsville
Darrion Baker,4,FR,F,6-8,225.0,"Chicago, IL",Hillcrest (IL),SIU-Edwardsville
Cham Okey,23,FR,G,6-6,200.0,"Minneapolis, MN",Austin (MN); Phoenix Prep (AZ),SIU-Edwardsville
Jo Valrie,33,SR,F,6-5,180.0,"Houston, TX",Yates (TX),SIU-Edwardsville
Eddiean Tirado,40,SR,G,6-0,190.0,"Miami, FL",Calusa Prep (FL),SIU-Edwardsville
Jordan Hamilton,10,JR,G,6-6,225.0,"Memphis, TN",Tennessee Prep Academy (TN),SIU-Edwardsville
Raynard Horry,15,SO,G,5-11,170.0,"O'Fallon, MO",Fort Zumwalt West (MO),SIU-Edwardsville
Augustas Marciulionis,3,SR,G,6-4,185.0,"Vilnius, Lithuania",BC Perlas (Lithuania); Rytas Vilnius (Lithuania),Saint Mary's
Paulius Murauskas,23,SO,F,6-8,225.0,"Kaunas, Lithuania",Å½algiris Kaunas (Lithuania); BC NevÄÅ¾is (Lithuania); BC Lietkabelis (Lithuania),Saint Mary's
Mitchell Saxen,11,SR,C,6-10,230.0,"Seattle, WA",Ingraham HS,Saint Mary's
Luke Barrett,33,SR,G,6-6,190.0,"Piedmont, CA",Piedmont HS,Saint Mary's
Jordan Ross,2,SO,G,6-3,175.0,"Pleasant Grove, UT",Compas Prep (AZ),Saint Mary's
Mikey Lewis,0,FR,G,6-3,180.0,"Oakland, CA",Denver Prep (CO); Prolific Prep (CA),Saint Mary's
Harry Wessels,1,JR,C,7-1,255.0,"Boddington, Australia",Centre of Excellence (Australia),Saint Mary's
Ashton Hardaway,9,SO,F,6-8,210.0,"Carson, CA",Duncanville (TX); Sierra Canyon (CA),Saint Mary's
Andrew McKeever,45,SO,C,7-1,255.0,"Livermore, CA",Granada (CA),Saint Mary's
Joshua Dent,7,FR,G,6-3,190.0,"Wollongong, Australia",Centre of Excellence AKA Australian Institute of Sport,Saint Mary's
Kevin Gad,24,SO,F,6-6,195.0,"Livermore, CA",Granada (CA),Saint Mary's
Cade Bennett,22,SO,G,6-0,170.0,"Moraga, CA",Campolindo (CA),Saint Mary's
RJ Luis,12,JR,G,6-7,196.0,"Miami, FL",Columbus (FL); Mt. Zion Prep (MD),St. John's (NY)
Zuby Ejiofor,24,JR,F,6-9,240.0,"Garland, TX",Garland (TX),St. John's (NY)
Kadary Richmond,1,SR,G,6-5,180.0,"Brooklyn, NY",Brewster Academy,St. John's (NY)
Aaron Scott,0,JR,G,6-7,190.0,"Spring, TX",Legacy the School of Sport Sciences,St. John's (NY)
Simeon Wilcher,7,SO,G,6-4,180.0,"Plainfield, NJ",Roselle Catholic (NJ),St. John's (NY)
Deivon Smith,5,SR,G,6-1,165.0,"Loganville, GA",Grayson HS,St. John's (NY)
Vincent Iwuchukwu,8,JR,F,7-1,235.0,"San Antonio, TX",Cole (TX); La Lumiere (IN); Southern California Academy (CA),St. John's (NY)
Sadiku Ibine Ayo,2,JR,F,6-7,210.0,"Asabi-Kumasi, Ghana",Our Saviour Lutheran (NY),St. John's (NY)
Brady Dunlap,44,SO,F,6-7,190.0,"Newhall, CA",Harvard-Westlake (CA),St. John's (NY)
RubÃ©n Prey,17,FR,F,6-10,230.0,"Lisbon, Portugal",Joventut Badalona (Spain),St. John's (NY)
Jaiden Glover,11,FR,G,6-5,205.0,"Brooklyn, NY",Roselle Catholic (NJ); The Patrick School (NJ),St. John's (NY)
Lefteris Liotopoulos,31,FR,G,6-5,200.0,"Thessaloniki, Greece",DEKA Academy (Greece),St. John's (NY)
Khaman Maker,14,FR,C,7-1,220.0,"Juba, South Sudan",SFBA Trinity Prep (NV),St. John's (NY)
Chaz Lanier,2,SR,G,6-4,175.0,"Nashville, TN",The Ensworth School,Tennessee
Zakai Zeigler,5,SR,G,5-9,160.0,"Long Island, NY",Our Saviour Lutheran School,Tennessee
Jordan Gainey,11,SR,G,6-4,175.0,"Tucson, AZ",South Kent HS,Tennessee
Igor Milicic Jr.,7,SR,G,6-10,224.0,"Rovinj, Croatia","ProGenius Ulm, Orange Academy Ratiopharm",Tennessee
Felix Okpara,34,JR,C,6-11,220.0,"Lagos, Nigeria",Hamilton Heights Christian (TN); Link Academy (MO),Tennessee
Jahmai Mashack,15,SR,G,6-4,192.0,"Fontana, CA",Etiwanda HS,Tennessee
Cade Phillips,12,SO,F,6-9,212.0,"Jacksonville, AL",Jacksonville (AL); Link Academy (MO),Tennessee
Darlinstone Dubar,8,SR,G,6-6,207.0,"Charlotte, NC",Scotland Campus (PA),Tennessee
Cameron Carr,43,SO,G,6-5,175.0,"Eden Prairie, MN",Manhattan (KS); Link Academy (MO),Tennessee
J.P. Estrella,13,SO,F,6-11,241.0,"Scarborough, ME",South Portland (ME); Brewster Academy (NH),Tennessee
Grant Hurst,23,JR,G,6-2,180.0,"Cleveland, TN",Cleveland HS,Tennessee
Bishop Boswell,3,FR,G,6-4,203.0,"Charlotte, NC",Myers Park (NC),Tennessee
Campbell Duncan,21,FR,G,6-6,200.0,"Austin, TX",Anderson (TX),Tennessee
Gavin Paull,24,FR,G,5-11,158.0,"Austin, TX","Westlake High School (Austin, TX)",Tennessee
Wade Taylor IV,4,SR,G,6-0,186.0,"Lancaster, TX",Lancaster HS,Texas A&M
Zhuric Phelps,1,SR,G,6-3,175.0,"Duncanville, TX",Duncanville HS,Texas A&M
Pharrel Payne,21,JR,F,6-9,255.0,"Cottage Grove, MN",Park (MN),Texas A&M
Henry Coleman III,15,SR,F,6-7,229.0,"Richmond, VA",Trinity Episcopal (VA),Texas A&M
Manny Obaseki,35,SR,G,6-4,189.0,"Allen, TX",John Paul III HS,Texas A&M
Andersson Garcia,11,SR,G,6-7,205.0,"Moca, Dominican Republic",Hamilton Heights (Tenn.) HS,Texas A&M
Solomon Washington,9,JR,F,6-7,225.0,"New Orleans, LA",Carver (LA),Texas A&M
C.J. Wilcher,10,SR,G,6-5,195.0,"Plainfield, NJ",Roselle Catholic HS,Texas A&M
Hayden Hefner,2,SR,G,6-6,182.0,"Nederland, TX",Nederland HS,Texas A&M
Jace Carter,0,SR,G,6-5,215.0,"Titusville, FL",Astronaut HS,Texas A&M
Chris McDermott,14,FR,F,6-7,225.0,"Houston, TX","Booker T. Washington (Houston, TX)",Texas A&M
Jaelyn Lee,24,SO,G,6-6,195.0,"Paris, TX",Paris (TX),Texas A&M
Rob Dockery,3,FR,G,6-6,205.0,"Washington, DC",Jackson-Reed (DC),Texas A&M
JT Toppin,15,SO,F,6-9,210.0,"Dallas, TX",Oak Cliff Faith Family Academy (TX),Texas Tech
Darrion Williams,5,JR,F,6-6,210.0,"Las Vegas, NV",Bishop Gorman (NV),Texas Tech
Chance McMillian,0,SR,G,6-2,170.0,"Vallejo, CA",Golden State Prep,Texas Tech
Christian Anderson,4,FR,G,6-2,165.0,"Atlanta, GA",The Lovett School (GA); Oak Hill Academy (VA),Texas Tech
Elijah Hawkins,3,SR,G,5-11,160.0,"Washington, DC",Dematha Catholic HS,Texas Tech
Kevin Overton,1,SO,G,6-5,180.0,"Oklahoma City, OK",Midwest City (OK); Norman North (OK); Sunrise Christian (KS),Texas Tech
Kerwin Walton,24,SR,G,6-5,205.0,"Hopkins, MN",Hopkins HS,Texas Tech
Federiko Federiko,33,SR,C,6-11,220.0,"Helsinki, Finland",First Love Christian (PA),Texas Tech
Devan Cambridge,35,SR,G,6-6,215.0,"Nashville, TN",Hillcrest Prep,Texas Tech
Eemeli Yalaho,23,SO,F,6-8,240.0,"JyvÃ¤skylÃ¤, Finland",Western Reserve Academy (OH),Texas Tech
Jack Francis,10,JR,G,6-3,185.0,"Austin, TX",Austin Anderson (TX),Texas Tech
Leon Horner,6,FR,F,6-4,215.0,"Dallas, TX",Frisco Memorial (TX); Dynamic Prep (TX),Texas Tech
Corbin Green,22,JR,F,6-5,230.0,"Midlothian, TX",Midlothian (TX); USAFA Prep School,Texas Tech
Tayton Conerway,12,SR,G,6-3,186.0,"Burleson, TX",Burleson Centennial (TX),Troy
Myles Rigsby,4,SO,F,6-5,190.0,"Irving, TX",Irving MacArthur (TX); O.D. Wyatt (TX),Troy
Thomas Dowd,1,SO,F,6-8,225.0,"Dothan, AL",Dothan (AL),Troy
Jackson Fields,15,JR,F,6-8,210.0,"Missouri City, TX",Elkins (TX),Troy
Marcus Rigsby Jr.,2,JR,G,6-5,185.0,"Irving, TX",Irving MacArthur (TX); O.D. Wyatt (TX),Troy
Cooper Campbell,3,FR,G,6-2,185.0,"Puyallup, WA",Elite Prep (WA); Phhoenix Prep (AZ),Troy
Theo Seng,33,SR,F,6-9,220.0,"Davis, CA",Davis (CA),Troy
Victor Valdes,11,SO,F,6-7,258.0,"Monterrey, Mexico",Zentro Basket (Spain),Troy
Jerrell Bellamy,10,JR,F,6-9,210.0,"Phenix City, AL",Phenix City Central (AL),Troy
Randarius Jones,24,SR,C,6-7,235.0,"Monroe, LA",Carroll (LA),Troy
Kerrington Kiel,0,FR,F,6-6,185.0,"Birmingham, AL",Ramsay (AL),Troy
Braydon Whitaker,21,SR,G,6-0,185.0,"Slocomb, AL",Slocomb (AL),Troy
Jackson Porch,20,FR,G,6-0,175.0,"Guntersville, AL",Guntersville (AL),Troy
Kameryn Mitchell,14,JR,G,6-4,185.0,"Dothan, AL",Houston Academy (AL),Troy
Aniwaniwa Tait-Jones,12,SR,F,6-6,200.0,"Wellington, New Zealand",St. Patrick's College (New Zealand),UC-San Diego
Tyler McGhie,13,SR,G,6-5,195.0,"Denton, TX",Guyer HS,UC-San Diego
Hayden Gray,3,SR,G,6-4,190.0,"San Diego, CA",Santa Fe Christian (CA),UC-San Diego
Nordin Kapic,24,JR,F,6-8,245.0,"Vienna, Austria",,UC-San Diego
Justin Rochelin,5,SO,G,6-5,190.0,"Encino, CA",Heritage Christian (CA),UC-San Diego
Chris Howell,8,JR,G,6-6,185.0,"Sandiego, CA",Torrey Pines (CA),UC-San Diego
Aidan Burke,20,SO,G,6-3,190.0,"Los Gatos, CA",Archbishop Mitty (CA); Phillips Exeter (NH),UC-San Diego
Maximo Milovich,33,SR,C,6-8,213.0,"Buenos Aires, Argentina",Colegio Carmen Arriola de MarÃ­n,UC-San Diego
Cade Pendleton,4,JR,F,6-10,210.0,"Chattanooga, TN",East Hamilton (TN),UC-San Diego
Jasen Brooks,11,SO,G,6-0,195.0,"Cleveland, TN",Cleveland (TN),UC-San Diego
Ryder Elisaldez,1,FR,G,6-3,175.0,"Las Vegas, NV",Bishop Gorman (NV),UC-San Diego
Yaqub Mir,22,SO,G,6-2,175.0,"Granite Bay, CA",Granite Bay (CA),UC-San Diego
Milos Vicentic,31,SR,F,6-7,220.0,"Belgrade, Serbia",OKK Belgrade (Serbia),UC-San Diego
Tyler Bilodeau,34,JR,F,6-9,220.0,"Kennewick, WA",Kamiakin (WA),UCLA
Eric Dailey Jr.,3,SO,F,6-8,230.0,"Palmetto, FL",IMG Academy (FL),UCLA
Sebastian Mack,12,SO,G,6-3,200.0,"Chicago, IL",Durango (NV); Coronado (NV),UCLA
Skyy Clark,55,JR,G,6-3,200.0,"Los Angeles, CA",Heritage Christian (CA); Montverde Academy (FL),UCLA
Kobe Johnson,0,SR,F,6-5,170.0,"Milwaukee, WI",Nicolet (WI),UCLA
Dylan Andrews,2,JR,G,6-2,170.0,"Gardena, CA",Windward School (CA); AZ Compass Prep (AZ),UCLA
Aday Mara,15,SO,C,7-3,240.0,"Zaragoza, Spain",IES El Picarral (Spain),UCLA
Lazar Stefanovic,10,SR,G,6-7,186.0,"Belgrade, Serbia",Sportska gimnazija (Serbia),UCLA
Trent Perry,1,FR,G,6-4,180.0,"West Covina, CA",Harvard-Westlake School (CA),UCLA
William Kyle III,24,JR,F,6-9,215.0,"Bellevue, NE",Bellevue West (NE),UCLA
Dominick Harris,8,SR,G,6-3,190.0,"Murrieta, CA",Rancho Christian School,UCLA
Jack Seidler,30,SO,G,6-4,190.0,"Marlboro, NJ",Marlboro (NJ),UCLA
Solomon Ball,1,SO,G,6-3,185.0,"Leesburg, VA",St. James School (MD); Brewster Academy (NH),UConn
Alex Karaban,11,JR,F,6-8,210.0,"Southborough, MA",Algonquin Regional (MA); New Hampton (NH); IMG Academy (FL),UConn
Liam McNeeley,30,FR,F,6-7,210.0,"Richardson, TX",Pearce (TX); John Paul II (TX); Montverde Academy (FL),UConn
Tarris Reed Jr.,5,JR,F,6-10,260.0,"St. Louis, MO",Chaminade Prep (MO); Link Year Prep (MO),UConn
Hassan Diarra,10,SR,G,6-2,197.0,"Queens, NY",Putnam Science Academy,UConn
Samson Johnson,35,SR,F,6-10,205.0,"LomÃ©, Togo",The Patrick School,UConn
Jaylin Stewart,3,SO,F,6-7,205.0,"Seattle, WA",Garfield (WA),UConn
Aidan Mahaney,20,JR,G,6-3,180.0,"Lafayette, CA",Campolindo (CA),UConn
Jayden Ross,23,SO,F,6-7,195.0,"Bristow, VA",St. James School (MD); Long Island Lutheran (NY),UConn
Ahmad Nowell,0,FR,G,6-0,195.0,"Philadelphia, PA",Imhotep (PA),UConn
Isaiah Abraham,4,FR,F,6-7,205.0,"Gainesville, VA",Highland School (VA); St. Paul VI (VA),UConn
Youssouf Singare,24,SO,C,6-10,220.0,"Bamako, Mali",Our Saviour Lutheran (NY),UConn
RJ Davis,4,SR,G,6-0,160.0,"White Plains, NY",Archbishop Stepinac HS,UNC
Ian Jackson,11,FR,G,6-4,190.0,"Bronx, NY",Our Savior Lutheran (NY),UNC
Seth Trimble,7,JR,G,6-3,192.0,"Menomonee Falls, WI",Menomonee Falls (WI),UNC
Elliot Cadeau,3,SO,G,6-1,180.0,"West Orange, NJ",Bergen Catholic (NJ); Link Academy (MO),UNC
Ven-Allen Lubin,22,JR,F,6-8,226.0,"Orlando, FL",Orlando Christian (FL),UNC
Drake Powell,9,FR,G,6-6,195.0,"Pittsboro, NC",Northwood (NC),UNC
Jae'lyn Withers,24,SR,F,6-8,230.0,"Charlotte, NC",Cleveland Heights HS,UNC
Jalen Washington,13,JR,F,6-10,225.0,"Gary, IN",West Side (IN),UNC
Cade Tyson,5,JR,F,6-7,200.0,"Monroe, NC",Carmel Christian (NC),UNC
Tyzhaun Claude,0,SR,F,6-8,240.0,"Goldsboro, NC",Goldsboro (NC),UNC
James Brown,2,FR,F,6-10,215.0,"Aurora, IL",St. Rita HS (IL); Link Academy (MO),UNC
Dante Mayo Jr.,30,FR,G,6-1,175.0,"Gaithersburg, MD",Richard Montgomery (MD),UNC
Russell Hawkins,14,SO,G,6-1,175.0,"Charlotte, NC",Mallard Creek (NC),UNC
John Holbrook,15,FR,F,6-8,230.0,"Hickory, NC",Hickory (NC),UNC
Donovan Newby,1,SR,G,6-1,190.0,"Chicago Heights, IL",Bloom HS,UNC Wilmington
Khamari McGriff,21,SR,F,6-8,175.0,"Tallahaassee, FL",James S. Rickards HS,UNC Wilmington
Harlan Obioha,55,JR,C,7-0,280.0,"Hoxie, KS",Hoxie (KS),UNC Wilmington
Bo Montgomery,0,SR,G,6-5,180.0,"Memphis, TN",Lausanne Collegiate HS,UNC Wilmington
Sean Moore,3,SR,G,6-4,175.0,"Columbus, OH",Reynoldsburg (OH),UNC Wilmington
Nolan Hodge,4,JR,G,6-7,180.0,"Greensboro, NC",Northern Guilford (NC),UNC Wilmington
Noah Ross,5,JR,G,6-7,200.0,"Apex, NC",Trinity Academy (NC),UNC Wilmington
Joshua Williams,7,JR,G,6-5,190.0,"Montgomery, AL",Lanier (AL); Pinson Valley (AL); We Are United Prep (MO),UNC Wilmington
Josh Corbin,32,SR,G,6-3,190.0,"Gahanna, OH",Gahanna Lincoln HS,UNC Wilmington
Elijah Jamison,2,JR,G,6-3,196.0,"Louisburg, NC",Louisburg (NC); Liberty Heights (NC),UNC Wilmington
Makoi Mabor,13,FR,F,6-11,240.0,"Rumbek, South Sudan",Gaston Day School (NC),UNC Wilmington
Jake Murphy,8,JR,G,6-4,200.0,"Phoenix, AZ",Phoenix Prep,UNC Wilmington
Shane Anthony,12,SO,G,6-2,170.0,"Raleigh, NC",Crossroads Christian (NC),UNC Wilmington
JoJo Fullwood,22,JR,G,6-2,185.0,"Burgaw, NC",Pender (NC),UNC Wilmington
Kendell Cave,9,SO,F,6-5,195.0,"Wallace, NC",Northwood Temple Academy (NC),UNC Wilmington
Ian Martinez,4,SR,G,6-3,181.0,"Heredia, Costa Rica",JSerra Catholic HS,Utah State
Mason Falslev,12,SO,G,6-3,190.0,"Benson, UT",Sky View (UT),Utah State
Dexter Akanno,7,SR,G,6-4,210.0,"Valencia, CA",Blair Academy,Utah State
Deyton Albury,13,SR,G,6-2,190.0,"Nassau, Bahamas",Temple Christian (Bahamas); Sunrise Christian (KS); Believe Prep (SC),Utah State
Karson Templin,22,SO,F,6-8,217.0,"Fairview, TX",Lovejoy (TX),Utah State
Drake Allen,8,SR,G,6-4,190.0,"Eagle Mountain, UT",Westlake (UT),Utah State
Aubin Gateretse,21,SR,F,6-11,210.0,"Charleroi, Belgium",Calusa Prep School,Utah State
Tucker Anderson,2,SO,F,6-9,190.0,"Centerton, AR",Bentonville West (AR),Utah State
Isaac Johnson,20,JR,C,7-0,225.0,"American Fork, UT",American Fork HS,Utah State
Jordy Barnes,5,FR,G,6-3,160.0,"Holladay, UT",Olympus (UT),Utah State
Isaac Davis,23,FR,F,6-8,240.0,"Idaho Falls, ID",Hillcrest (ID),Utah State
Jaxon Smith,3,FR,G,6-2,188.0,"Bountiful, UT",Woods Cross (UT),Utah State
Braden Housley,0,JR,G,6-4,180.0,"Lehi, UT",Skyridge (UT),Utah State
Max Shulga,11,SR,G,6-4,197.0,"Kyiv, Ukraine",Basketball School of Excellence,VCU
Joseph Bamisile,22,SR,G,6-4,195.0,"Chesterfield, VA",Monacan HS,VCU
Phillip Russell,1,SR,G,5-10,165.0,"St. Louis, MO",Vashon HS,VCU
Jack Clark,4,SR,G,6-8,182.0,"Cheltenham, PA",Cheltenham HS,VCU
Zeb Jackson,2,SR,G,6-5,180.0,"Toledo, OH",Maumee Valley (OH),VCU
Christian Fermin,21,JR,C,6-10,215.0,"Tobyhanna, PA",Pocono Mountain West (PA),VCU
Luke Bamgboye,9,FR,F,6-10,200.0,"London, United Kingdom",Our Lady of Mount Carmel (MD); Bella Vista Prep (AZ); AZ Compass Prep (AZ),VCU
Michael Belle,8,SO,F,6-7,215.0,"London, United Kingdom",SIG Strasbourg (France),VCU
Brandon Jennings,0,FR,G,6-4,175.0,"Richmond, VA",St. Christopher's School (VA),VCU
Terrence Hill Jr.,6,FR,G,6-3,180.0,"Portland, OR",Roosevelt (OR); AZ Compass Prep (AZ),VCU
Alphonzo Billups III,5,SO,G,6-7,180.0,"Richmond, VA",Varina (VA),VCU
Obinnaya Okafor,7,SO,F,6-9,216.0,"Hampton, VA",Bethel (VA),VCU
Jason Edwards,1,JR,G,6-1,170.0,"Atlanta, GA",Parkview (GA),Vanderbilt
Tyler Nickel,5,JR,F,6-7,200.0,"Harrisonberg, VA",East Rockingham (VA),Vanderbilt
Devin McGlockton,99,JR,F,6-7,220.0,"Cumming, GA",South Forsyth (GA),Vanderbilt
A.J. Hoggard,11,SR,G,6-3,220.0,"Coatesville, PA",Huntington Prep HS,Vanderbilt
Jaylen Carey,22,SO,F,6-8,245.0,"Davie, FL",Westminster Academy (FL),Vanderbilt
MJ Collins,2,JR,G,6-4,190.0,"Clover, SC",Westminster Catawba Christian (SC); Combine Academy (NC),Vanderbilt
Chris Manon,30,SR,G,6-5,195.0,"New Milford, NJ",Saint Joseph Regional HS,Vanderbilt
Tyler Tanner,3,FR,G,6-0,170.0,"Brentwood, TN",Brentwood Academy (TN),Vanderbilt
Grant Huffman,4,SR,G,6-3,185.0,"Aurora, OH",St. Edward's HS,Vanderbilt
"JaQualon ""JQ"" Roberts",24,SO,F,6-8,220.0,"Bloomington, IN",Bloomington North (IN),Vanderbilt
Jordan Williams,10,JR,G,6-3,215.0,"Houston, TX",Kinkaid School (TX); Second Baptist (TX),Vanderbilt
Miles Keeffe,25,JR,G,6-5,185.0,"Novato, CA",The Branson School (CA); Southern California Academy (CA),Vanderbilt
Graham Calton,7,SR,G,6-5,200.0,"Charlotte, NC",Charlotte Latin HS,Vanderbilt
Coleson Messer,15,SO,G,6-4,210.0,"Dallas, TX",Highland Park (TX),Vanderbilt
Hollman Smith,21,SR,G,6-0,180.0,"Falls Church, VA",Tilton School,Vanderbilt
John Tonje,9,SR,G,6-5,222.0,"Omaha, NE",Omaha Central HS,Wisconsin
John Blackwell,25,SO,G,6-4,194.0,"Highland Park, MI",Brother Rice (MI),Wisconsin
Steven Crowl,22,SR,F,7-0,217.0,"Eagan, MN",Eastview HS,Wisconsin
Nolan Winter,31,SO,F,6-11,220.0,"Lakeville, MN",Lakeville North (MN),Wisconsin
Max Klesmit,11,SR,G,6-3,180.0,"Neenah, WI",Neenah HS,Wisconsin
Kamari McGee,4,SR,G,6-0,180.0,"Racine, WI",Racine St. Catherine's HS,Wisconsin
Carter Gilmore,7,SR,F,6-7,215.0,"Hartland, WI",Arrowhead HS,Wisconsin
Xavier Amos,13,JR,F,6-8,210.0,"Chicago, IL",Whitney Young (IL),Wisconsin
Jack Janicki,33,FR,G,6-5,190.0,"White Bear Lake, MN",White Bear Lake (MN),Wisconsin
Markus Ilver,35,SR,F,6-8,219.0,"Tallinn, Estonia",Western Reserve Academy,Wisconsin
Riccardo Greppi,18,FR,F,6-10,255.0,"Lecco, Italy",Villafrut Verona (Italy),Wisconsin
Jack Robison,2,FR,F,6-5,190.0,"Lakeville, MN",Lakeville North (MN),Wisconsin
Isaac Gard,15,JR,G,6-2,165.0,"Oregon, WI",Oregon (WI),Wisconsin
Camren Hunter,3,JR,G,6-3,200.0,"Bryant, AR",Bryant HS,Wisconsin
Daniel Freitag,5,FR,G,6-2,195.0,"Bloomington, MN",Breck (MN),Wisconsin
Chris Hodges,21,JR,F,6-9,239.0,"Schaumburg, IL",Schaumburg HS,Wisconsin
Aidan Konop,14,FR,G,6-2,195.0,"Sussex, WI",Sussex Hamilton (WI),Wisconsin
Corey Tripp,10,SR,G,6-2,195.0,"Medina, OH",Medina HS,Wofford
Kyler Filewich,14,SR,C,6-9,250.0,"Winnipeg, Canada",Orangeville Prep,Wofford
Dillon Bailey,2,SR,G,6-2,185.0,"Bentonville, AR",Bentonville West (AR),Wofford
Justin Bailey,5,JR,G,6-3,185.0,"Taylors, SC",Blue Ridge (SC),Wofford
Jackson Sivills,0,SR,G,6-6,200.0,"Paducah, KY",McCracken County HS,Wofford
Jeremy Lorenz,32,SO,F,6-8,220.0,"Brillion, WI",Brillion (WI),Wofford
Luke Flynn,4,FR,G,6-1,185.0,"Marietta, GA",Walton (GA),Wofford
Anthony Arrington,30,JR,G,6-2,190.0,"Atlanta, GA",The Galloway School (GA),Wofford
Kahmare Holmes,11,FR,G,6-3,205.0,"Charlotte, NC",Lake Norman Christian (NC); Archer (GA),Wofford
Belal El Shakery,24,SO,F,6-8,230.0,"Alexandria, Egypt",The Winchendon School (MA),Wofford
Cannon Richards,7,FR,F,6-7,205.0,"Atlanta, GA",Whitefield Academy (GA); Kell (GA),Wofford
Don Douglass,34,SO,F,6-10,215.0,"Spartanburg, SC",Spartanburg Day (SC); Fork Union (VA),Wofford
Ryan Conwell,7,JR,G,6-4,195.0,"Indianapolis, IN",Pike (IN),Xavier
Zach Freemantle,32,SR,F,6-9,225.0,"Teaneck, NJ",Bergen Catholic HS,Xavier
Dailyn Swain,3,SO,F,6-7,200.0,"Columbus, OH",Columbus Africentric Early College (OH),Xavier
Dayvion McKnight,20,SR,G,6-1,190.0,"Shelbyville, KY",Collins HS,Xavier
Marcus Foster,1,SR,G,6-4,200.0,"Atlanta, GA",Drew Charter HS,Xavier
Dante Maddox Jr.,21,SR,G,6-2,195.0,"Chicago Heights, IL",Bloom Township HS,Xavier
Jerome Hunter,2,SR,F,6-7,215.0,"Pickerington, OH",Pickerington North HS,Xavier
John Hugley IV,4,SR,F,6-9,240.0,"Cleveland, OH",Brush HS,Xavier
Trey Green,0,SO,G,6-0,168.0,"Charlotte, NC",Chambers (NC); Link Academy (MO); Prolific Prep (CA),Xavier
Cam'Ron Fletcher,11,SR,F,6-6,215.0,"St Louis, MO",Vashion HS,Xavier
Brad Colbert,45,SR,G,6-2,185.0,"Loveland, OH",International Sports Academy,Xavier
Ian Sabourin,31,JR,G,6-4,210.0,"Hamilton, OH",Badin (OH),Xavier
Bob Nunge,35,SR,G,6-6,190.0,"Newburgh, IN",Castle (IN),Xavier
Henry Thole,15,FR,F,6-7,215.0,"Union, KY",Villa Madonna Academy (KY),Xavier
Michael Wolf,25,JR,G,6-0,185.0,"Greenwood Village, CO",Regis Jesuit (CO),Xavier
John Poulakidas,4,SR,G,6-5,190.0,"Naperville, IL",Neuqua Valley HS,Yale
Nick Townsend,42,JR,F,6-7,250.0,"Chappaqua, NY",Horace Greeley (NY); The Hotchkiss School (CT),Yale
Bez Mbeng,2,SR,G,6-4,195.0,"Potomac, MD",Our Lady of Good Counsel HS,Yale
Casey Simmons,14,JR,G,6-6,180.0,"Milton, MA",Milton Academy,Yale
Samson Aletan,10,SO,C,6-10,223.0,"Dallas, TX",Lake Highlands (TX),Yale
Isaac Celiscar,8,FR,F,6-6,210.0,,Winter Haven (FL),Yale
Trevor Mullin,11,SO,G,6-0,175.0,"Wellesley, MA",St. Sebastian's School (MA),Yale
Riley Fox,9,FR,F,6-6,195.0,,Conard (CT),Yale
Jack Molloy,33,SR,F,6-8,225.0,"Greenwich, CT",Hotchkiss School,Yale
Yassine Gharram,24,SR,G,6-3,185.0,"San Diego, CA",Foothills Christian HS,Yale
Jordan Brathwaite,3,FR,G,6-4,190.0,,Mount Saint Joseph (MD),Yale
Teo Rice,12,SR,G,6-2,190.0,"Bethesda, MD","Maret School, Phillips Exeter HS",Yale
Devon Arlington,44,JR,G,6-3,190.0,"San Marcos, CA",San Marcos (CA),Yale
Jeannot Basima,22,SO,G,6-4,190.0,"Goma, Democratic Republic of the Congo",John Carroll School (MD),Yale
Emir Buyukhanli,13,SR,G,6-5,210.0,"Ankara, TÃ¼rkiye",Ted Ankara College Foundation HS,Yale
